-- phpMyAdmin SQL Dump
-- version 3.3.7
-- http://www.phpmyadmin.net
--
-- 主机: localhost
-- 生成日期: 2012 年 10 月 20 日 14:13
-- 服务器版本: 5.0.90
-- PHP 版本: 5.2.14

SET SQL_MODE="NO_AUTO_VALUE_ON_ZERO";


/*!40101 SET @OLD_CHARACTER_SET_CLIENT=@@CHARACTER_SET_CLIENT */;
/*!40101 SET @OLD_CHARACTER_SET_RESULTS=@@CHARACTER_SET_RESULTS */;
/*!40101 SET @OLD_COLLATION_CONNECTION=@@COLLATION_CONNECTION */;
/*!40101 SET NAMES utf8 */;

--
-- 数据库: `read_novel`
--

-- --------------------------------------------------------

--
-- 表的结构 `bookclass`
--

CREATE TABLE IF NOT EXISTS `bookclass` (
  `id` bigint(20) NOT NULL auto_increment,
  `bookClassName` varchar(10) NOT NULL,
  PRIMARY KEY  (`id`)
) ENGINE=MyISAM  DEFAULT CHARSET=utf8 AUTO_INCREMENT=8 ;

--
-- 转存表中的数据 `bookclass`
--

INSERT INTO `bookclass` (`id`, `bookClassName`) VALUES
(7, '默认');

-- --------------------------------------------------------

--
-- 表的结构 `bookcontents`
--

CREATE TABLE IF NOT EXISTS `bookcontents` (
  `id` bigint(20) NOT NULL auto_increment,
  `booksId` int(11) NOT NULL COMMENT '小说id号',
  `contentName` varchar(128) character set utf8 NOT NULL COMMENT '章节名称',
  `contentNum` int(11) NOT NULL COMMENT '当前章节序号',
  `contents` longtext character set utf8 NOT NULL COMMENT '章节内容',
  `bookContentCheckup` int(1) NOT NULL default '0' COMMENT '审核，0未审核',
  `draft` longtext character set utf8 NOT NULL COMMENT '草稿',
  `lastUpdate` date NOT NULL COMMENT '最后更新时间',
  PRIMARY KEY  (`id`)
) ENGINE=MyISAM  DEFAULT CHARSET=latin1 AUTO_INCREMENT=39 ;

--
-- 转存表中的数据 `bookcontents`
--

INSERT INTO `bookcontents` (`id`, `booksId`, `contentName`, `contentNum`, `contents`, `bookContentCheckup`, `draft`, `lastUpdate`) VALUES
(22, 40, '顽童', 2, '<p><b>父亲和母亲的相遇</b></p>\r\n<p>&nbsp;</p>\r\n<p>\r\n爱国演讲使这个年轻人周身散发出迷人的光芒，他个头不高，但情绪激昂，两只眼睛炯炯有神。此时，他并不知道，在台下的茫茫人海中，有一个19岁的年轻女孩，正满眼爱慕地注视着他。</p>\r\n<p>&nbsp;</p>\r\n<p><b> 我的出生</b></p>\r\n<p>&nbsp;</p>\r\n<p>\r\n我现在觉得，相对于一般的母亲给予孩子生命，我母亲孕育我的过程拥有更多的未知和变数，对母亲身体的考验也更大，这个过程更充满了生命的奇迹和坚韧的味道。</p>\r\n<p>&nbsp;</p>\r\n<p><b> 童年</b></p>\r\n<p>&nbsp;</p>\r\n<p>\r\n现在回想起来，母亲的宽容和娇宠，就像阳光一样笼罩着我，给我无忧无虑的快乐成长的氛围。回忆起童年，就让我想起那些肆无忌惮，荒唐可笑却又温暖如斯的时光。</p>\r\n<p>&nbsp;</p>\r\n<p><b> 小学</b></p>\r\n<p>&nbsp;</p>\r\n<p>\r\n只要大胆尝试，就有机会得到我期望中的成功。感谢母亲给了我机会，&nbsp;去实现我人生中的第一次的尝试和跨越。</p>\r\n<p>&nbsp;</p>\r\n<p><b> 母亲的关爱</b></p>\r\n<p>&nbsp;</p>\r\n<p>\r\n那时候，四姐也在准备高考，妈妈就3点钟起一次床，叫姐姐起床准备高考，5点钟再叫我起来做功课。后来，我们给母亲起了一个名字叫做“慈母闹钟”。</p>\r\n<p>&nbsp;</p>\r\n<p><b> 父亲的影响</b></p>\r\n<p>&nbsp;</p>\r\n<p>\r\n父亲的中国情结像一条无声的溪流，注入了我的价值观。在不知不觉中，在我的人生需要做一些选择时，这些理念影响了我。</p>', 0, '', '0000-00-00'),
(23, 40, '飞往美国', 3, '<p><b>转折</b></p>\r\n<p>&nbsp;</p>\r\n<p>\r\n那时候，台湾的教育还是八股式的，严厉，死板，一切以考试为中心，大###考是所有学生心头的一块石头，颇有千军万马过独木桥的悲壮。哥哥看到这样的情景，觉得应该让我早点去美国读书，从这种没有人性的教育枷锁中解脱出来。</p>\r\n<p>&nbsp;</p>\r\n<p><b> 初到橡树岭</b></p>\r\n<p>&nbsp;</p>\r\n<p>\r\n在一个孩子眼睛里，新鲜的事物让人应接不暇，这一切的一切都如同换了天地一般。我这个从前的“小皇帝”，到了美国之后，忽然长大了，一下子改掉了坐享其成的毛病。</p>\r\n<p>&nbsp;</p>\r\n<p><b> 攻克英文</b></p>\r\n<p>&nbsp;</p>\r\n<p>\r\n作文比赛的名次一公布，杰弗逊中学就轰动了，人们不敢相信，这个台湾的男孩，来美国不过两年，居然就在英文方面取得了这样的成绩。</p>\r\n<p>&nbsp;</p>\r\n<p><b> 东西方教育的差异</b></p>\r\n<p>&nbsp;</p>\r\n<p>\r\n没有统一的教科书，没有统一的考试，没有对学生的三六九等的分类排位。美国孩子的创造力和想象力，都是在这些稀奇古怪的题目中，每天得到锻炼的。</p>\r\n<p>&nbsp;</p>\r\n<p><b> 橡树岭高中</b></p>\r\n<p>&nbsp;</p>\r\n<p>\r\n成年以后，我才发现这种教育的真谛。美国的教育和学习方法所注重的准则是：自由、独立、自主学习、重视理解、重视实用。老师重视学生发表的意见，甚至鼓励学生反驳老师。</p>\r\n<p>&nbsp;</p>\r\n<p><b> 死党</b></p>\r\n<p>&nbsp;</p>\r\n<p>\r\n我一直告诫自己远离这些“美国文化”，但是通过这一个暑假，我感觉自己的视野变的宽阔了，自己有了相互了解的美国朋友，更深刻的感受到美国社会。有了自己的小圈子，有了更多了解美国文化的机会，也了解了美国人的思维方式。</p>\r\n<p>&nbsp;</p>\r\n<p><b> 《校刊》和公司</b></p>\r\n<p>&nbsp;</p>\r\n<p>\r\n眼前的商业机会让我鼓足了勇气，我很庆幸我再一次参加了这门选修课，并真刀真枪第一次体验了建立公司的感觉。一直到今天，我从书柜里翻出1979年公司的报告时，看到那份已经发黄的打字机打出的报告，我依然可以感受到当年那颗年轻而狂热的心。</p>\r\n<p>&nbsp;</p>\r\n<p><b> 12份大学申请</b></p>\r\n<p>&nbsp;</p>\r\n<p>\r\n为什么两个“捣蛋”学校都录取我呢？我觉得这和学校的校风有一定的关系。这两个学校的校风都是重视创意、胆识、批判式思维和独立思考的。而我的申请表中也充满了这些方面的天分，所以它们觉得我更合适。</p>', 0, '', '0000-00-00'),
(24, 40, '我的大学', 4, '<p><b>哥伦比亚大学——人生新的起点</b></p>\r\n<p>&nbsp;</p>\r\n<p>\r\n第一年，我从必修的人文课程中，收获了让人一生受益的知识。它沉淀在我身体里，成为思想和灵魂的一部分，在此后人生的关键时刻，它会灵光一现，帮助度过人生中或孤独或困惑的日子。</p>\r\n<p>&nbsp;</p>\r\n<p><b> 大学生活——贫穷而快乐的日子</b></p>\r\n<p>&nbsp;</p>\r\n<p>\r\n年轻时一起经历的青春岁月，是那样的快乐和美好。人们离开大学，有着各自的生活轨迹，但是回首很多事情时，现今一切的快乐似乎都已经无法取代当时那种单纯的快乐。因为，我们当时是那么的年轻，无畏、美好。</p>\r\n<p>&nbsp;</p>\r\n<p><b> 转系</b></p>\r\n<p>&nbsp;</p>\r\n<p>\r\n我恍然大悟，原来坐在教室右后方的角落里，总是戴着一个大帽子睡觉的那位，就是如今的美国总统奥巴马啊。而当时的我，总是坐在教室的左后方睡觉。</p>\r\n<p>&nbsp;</p>\r\n<p><b> 玩游戏，打桥牌</b></p>\r\n<p>&nbsp;</p>\r\n<p>\r\n通过桥牌，我们往往可以看出一个人的人品。一个“牌品”好的桥牌手应该会自我批评，对犯错有所反思，宽容搭档的错误。而在打牌的过程中，总是能够清晰的看到人们的性格。</p>\r\n<p>&nbsp;</p>\r\n<p><b> 打工生涯——发现别样的世界</b></p>\r\n<p>&nbsp;</p>\r\n<p>\r\n回望我的这些打工的经历，几乎每一次都会留给我不同的感受和经验，也都会在不同的程度上增进我对社会的了解。无论是成功的喜悦，失败的挫折，被拒绝的悲壮，被夸奖的开心，也都不知不觉让我调整着自己迈向社会的步伐。让我感知到，世界是如何看我的，世界需要我具备哪些素质，世界需要我做哪些调整。</p>\r\n<p>&nbsp;</p>\r\n<p><b> 遇到真爱</b></p>\r\n<p>&nbsp;</p>\r\n<p>\r\n“我知道，这样的求婚对你来说有点突然，我们的年龄也比较小。但是我已经认定你了，我相信你也认定我了。所以，”我顿了顿说：“你愿意嫁给我，让我成为世界上最快乐的男人吗？”电话那一头几乎是沉默的半分钟，后来我听到了一声“愿意”。后来，她告诉我，她感动地哭了。</p>', 0, '', '0000-00-00'),
(25, 40, '博士生涯', 5, '<p><b>装了芯片的售货机</b></p>\r\n<p>&nbsp;</p>\r\n<p>\r\n这样传奇的一个学校，竟然看中了我，我一时不敢相信这是真的。来到卡内基·梅隆，我终于感觉到了天外有天，我还以为自己是最厉害的编程高手，哪知道卡内基·梅隆大学的博士生们，早已在玩着更帅的技术。</p>\r\n<p>&nbsp;</p>\r\n<p><b> 走进卡内基·梅隆</b></p>\r\n<p>&nbsp;</p>\r\n<p>\r\n第一个月，我按规定和所有的教授来了一次“相亲”，每天听不同的课程。</p>\r\n<p>&nbsp;</p>\r\n<p><b> 语音识别</b></p>\r\n<p>&nbsp;</p>\r\n<p>\r\n海博曼教授的“做世界某一个领域的一流”的观点，让我十分震惊，我从未奢望在20多岁时走到某个领域的顶峰，但是这种“要做就要做到最好”的激励，我始终铭记在内心深处。</p>\r\n<p>&nbsp;</p>\r\n<p><b> 李老师的催眠术</b></p>\r\n<p>&nbsp;</p>\r\n<p>\r\n“演讲前，练习三遍，一定要录音，最好录像”，“随机地去看观众的眼睛，接触3至5秒”，“如果你害怕，就看坐最远观众的头顶，因为他们也分不清你在看哪里。”</p>\r\n<p>&nbsp;</p>\r\n<p><b> 战胜世界冠军</b></p>\r\n<p>&nbsp;</p>\r\n<p>\r\n世界冠军最终“溃不成军”。他崩溃了，气愤地说：“不玩了”。最终，他放弃了第二局和第三局的比赛。</p>\r\n<p>&nbsp;</p>\r\n<p><b> 1988年最重要的科学发明</b></p>\r\n<p>&nbsp;</p>\r\n<p>\r\n瑞迪教授这样说：“我不同意你，但是我支持你。”&nbsp;这是一种真正的科学家的精神。他这种“科学面前，人人平等”的信念，深深地影响了我。这种无言的伟大，让我受益终身，也让我以这种信念对待他人的不同意见。</p>\r\n<p>&nbsp;</p>\r\n<p><b> 26岁的副教授</b></p>\r\n<p>&nbsp;</p>\r\n<p>\r\n26岁，我成为卡内基·梅隆里最年轻的副教授。接下来，我度过了两年相对轻松安逸的日子。在学校的教书是相对轻松的，熟悉的环境，熟悉的同事，让我轻松度过了从学生走向社会的过渡期。</p>', 0, '', '0000-00-00'),
(26, 40, '工作在苹果', 6, '<p><b>最酷的苹果</b></p>\r\n<p>&nbsp;</p>\r\n<p>\r\n苹果公司的气氛轻松融洽，到处是可爱的年轻人，他们乐观、自信，脸上总挂着微笑，就像他们掌握着整个世界。</p>\r\n<p>&nbsp;</p>\r\n<p><b> 海盗文化</b></p>\r\n<p>&nbsp;</p>\r\n<p>\r\n公司创办初期，乔布斯曾在楼顶悬挂一面巨大的海盗旗，向世人宣称：我就是与众不同。</p>\r\n<p>&nbsp;</p>\r\n<p><b> 苹果危机</b></p>\r\n<p>&nbsp;</p>\r\n<p>\r\n一些被裁的员工回来游行了，但他们不是抗议被裁，而是为公司加油！他们拿着类似“生为苹果人，死为苹果鬼”的标语，流着眼泪说，“我们流出的血也是六个颜色的”。</p>\r\n<p>&nbsp;</p>\r\n<p><b> 小精灵“调戏”女主持人</b></p>\r\n<p>&nbsp;</p>\r\n<p>\r\n小精灵“调戏”女主持人的那一幕，更是堪称“经典”。节目播出后，苹果的股票立即从60美元涨到63美元。</p>\r\n<p>&nbsp;</p>\r\n<p><b> 学习管理的艺术</b></p>\r\n<p>&nbsp;</p>\r\n<p>\r\n并不是对每一个人好，就能赢得尊重。尊重原则，有效执行，才是管理的真谛。</p>\r\n<p>&nbsp;</p>\r\n<p><b> 自荐成为多媒体部门总监</b></p>\r\n<p>&nbsp;</p>\r\n<p>\r\n以前，我们一直把你当作语音技术方面的专家，没想到你也能在公司战略方面有这么到位的把握。如果不是这份报告，公司很可能会错过后来在多媒体方面的发展机会。</p>\r\n<p>&nbsp;</p>\r\n<p><b> 未选之路</b></p>\r\n<p>&nbsp;</p>\r\n<p>\r\n我并不是让大家今天就做出选择，而是做一次心灵的沟通。我把我的设想和前景跟大家分享，最后大家的选择，还是遵循内心的感受。</p>\r\n<p>&nbsp;</p>\r\n<p><b> 最年轻的副总裁</b></p>\r\n<p>&nbsp;</p>\r\n<p>\r\n在这一年里，苹果的离职率达到了历史高峰，公司的COO、CFO、CMO都已离职，47个副总裁走了29个。“蜀中无大将，廖化作先锋”，正是在这样的背景下，我又一次得到了提升。</p>\r\n<p>&nbsp;</p>\r\n<p><b> 离开苹果</b></p>\r\n<p>&nbsp;</p>\r\n<p>\r\n这6年时光对于我来说是弥足珍贵的，作为我工作过的第一个商业性的公司，苹果给了我足够的空间与很好的机遇，去学习和成长。</p>', 0, '', '0000-00-00'),
(27, 40, 'SGI', 7, '<p><b>没有用的创新</b></p>\r\n<p>&nbsp;</p>\r\n<p>\r\n我们一想到这个技术如果实现会有多酷，就激动不已。但是，我们并没有想到用户到底需要三维来做什么。可以说，我们犯了一个工程师最容易犯的错误，为了自己的技术而牺牲了用户真正的需要。</p>\r\n<p>&nbsp;</p>\r\n<p><b> 黯淡的日子——把部门卖掉</b></p>\r\n<p>&nbsp;</p>\r\n<p>\r\n我别无选择。就这样，1998年的春天，成为了我生命中最黯淡的春天，我开始为出售SGI的多媒体互动部门四处奔走。</p>\r\n<p>&nbsp;</p>\r\n<p><b> 去微软，回中国</b></p>\r\n<p>&nbsp;</p>\r\n<p>\r\n更重要的一点，我可以到中国工作，将招聘中国的人才，帮助中国的学生，带领一批中国的研发人员进行最先进的技术探索，在最前沿的科技中畅游。不管怎么说，回中国工作，这是父亲的梦想和希望，也确实是令我激动的梦想。</p>\r\n<p>&nbsp;</p>\r\n<p><b> 心理治疗</b></p>\r\n<p>&nbsp;</p>\r\n<p>\r\n想到他们的家庭，想到他们可爱的孩子，想到他们是整个家庭的希望和支柱，我认为是自己一手造成了他们失业的悲剧。那个时候，我每天沉浸在悲痛中，无法自拔。</p>', 0, '', '0000-00-00'),
(28, 40, '创建微软中国研究院', 8, '<p><b>不可能的任务</b></p>\r\n<p>&nbsp;</p>\r\n<p>\r\n1998年夏，我开始着手准备回中国成立研究院。我需要说服一些人跟我一起去开创新天地，可是，什么人会愿意跟我去中国呢？</p>\r\n<p>&nbsp;</p>\r\n<p><b> 进驻希格玛</b></p>\r\n<p>&nbsp;</p>\r\n<p>\r\n我们首先面临的是选址的工作。当时，知春路上的微软办公室像个货栈，拥挤不堪。</p>\r\n<p>&nbsp;</p>\r\n<p><b> 张亚勤归来</b></p>\r\n<p>&nbsp;</p>\r\n<p>\r\n我发现，我们的内心都为开创一个事业感到无比兴奋。拥有激情，已经是成功的一半了。仅仅聊了几句，他就告诉我,条件无所谓，他会加入的。亚勤的到来，让我内心充满了力量。</p>\r\n<p>&nbsp;</p>\r\n<p><b> 聪明人的重力场</b></p>\r\n<p>&nbsp;</p>\r\n<p>\r\n聪明人与聪明人在一起，会变得更聪明，随之吸引的聪明人就越多，重力场也会变得越来越大。</p>\r\n<p>&nbsp;</p>\r\n<p><b> KFC、拱猪、黑猩猩</b></p>\r\n<p>&nbsp;</p>\r\n<p>\r\n后来，亚勤私下里叫我“KFC”,因为我名字的简写是KF,我为了“报复”他，就叫他“牙签”（YQ）。</p>\r\n<p>&nbsp;</p>\r\n<p><b> 无处不在的白板</b></p>\r\n<p>&nbsp;</p>\r\n<p>\r\n白板文化代表着一种开放的精神。它意味着每个人都是平等的，每个人的想法都可以大胆地说出来、写出来，而且允许犯错误，因为白板上的字是很容易抹去的。它更意味着一种团队精神，每个人都不是封闭的，你的思想可以建立在别人的灵感上。</p>\r\n<p>&nbsp;</p>\r\n<p><b> 如何对老板说“不”</b></p>\r\n<p>&nbsp;</p>\r\n<p>\r\n我是一个多文化背景的科学家，因此我能够理解两种文化的不同。我对这一点深信不疑，但是，回到中国后，我才发现，自己对这一点其实过于自信了。</p>\r\n<p>&nbsp;</p>\r\n<p><b> 兵团作战</b></p>\r\n<p>&nbsp;</p>\r\n<p>\r\n一批世界一流的科学家，带领一批聪明、拼命的年轻人，形成一个研究兵团，他们创造了奇迹，结出了硕果。</p>\r\n<p>&nbsp;</p>\r\n<p><b> 卷起袖子做老师</b></p>\r\n<p>&nbsp;</p>\r\n<p>\r\n先学着跑，再自己跑，渐渐地不再感觉累。到了第四年，他已经是“项目带头人”。</p>\r\n<p>&nbsp;</p>\r\n<p><b> 向比尔汇报</b></p>\r\n<p>&nbsp;</p>\r\n<p>\r\n这期间，雷斯特曾向比尔询问我们是否应该在一小时内结束会议，比尔说：“不，我还想听听，我还有45分钟。”汇报结束时，比尔情不自禁地说：“太出色了！完美无瑕！”</p>\r\n<p>&nbsp;</p>\r\n<p><b> 最火的研究院，最伤感的别离</b></p>\r\n<p>&nbsp;</p>\r\n<p>\r\n当我吐出每一个字的时候，我看着与我风雨同舟的一个个员工，想起我们并肩战斗的一个个夜晚，想起我们一起争论、一起玩牌、一起抽雪茄，我的眼睛湿润了。</p>', 0, '', '0000-00-00'),
(29, 40, '五年西雅图', 9, '<p><b>反垄断案</b></p>\r\n<p>&nbsp;</p>\r\n<p>\r\n它开始训练所有的高级员工，不可以说捆绑，只能说整合创新、用户价值等词。</p>\r\n<p>&nbsp;</p>\r\n<p><b> 盖茨流泪</b></p>\r\n<p>&nbsp;</p>\r\n<p>\r\n这时，他已经哽咽地说不下去了。鲍尔默走上台，拥抱着盖茨。</p>\r\n<p>&nbsp;</p>\r\n<p><b> 流产的.NET</b></p>\r\n<p>&nbsp;</p>\r\n<p>\r\n在别的公司，员工的智商是相加的关系，但当我们整天陷在改组麻烦里的时候，我们员工的智商其实是相减的关系……</p>\r\n<p>&nbsp;</p>\r\n<p><b> 我的MSN时代</b></p>\r\n<p>&nbsp;</p>\r\n<p>\r\n我很快收拾好自己的心情，准备去MSN部门去报到了。然后接下来的一幕，简直象好莱坞电影一样具有戏剧性，令人哭笑不得。</p>\r\n<p>&nbsp;</p>\r\n<p><b> 亲历Windows&nbsp;Vista的研发</b></p>\r\n<p>&nbsp;</p>\r\n<p>\r\n但是作为Windows&nbsp;Vista的亲历者，我体验了其过程中的无比的艰辛。大到一点点成果的突破，小到一个团队的组成建立。</p>\r\n<p>&nbsp;</p>\r\n<p><b> 灾难——Windows&nbsp;Vista全部重写！</b></p>\r\n<p>&nbsp;</p>\r\n<p>\r\n我非常理解这些员工的感受，因为我和他们在这两年半经历了一样的彻夜不眠和全力以赴。这样的决定对我和他们来说，同样是无法想象的打击。</p>\r\n<p>&nbsp;</p>\r\n<p><b> 帮助中国</b></p>\r\n<p>&nbsp;</p>\r\n<p>\r\n你们不能只考虑印度，我们一定要三年内在中国做到一亿美元的外包业务，因此，总部可能会有一些调整，希望你们能够理解。</p>\r\n<p>&nbsp;</p>\r\n<p><b> 陪盖茨在中国救火</b></p>\r\n<p>&nbsp;</p>\r\n<p>\r\n直到盖茨再次踏上专机的那一刻，我悬在半空的心才轻轻放回了原地。这中间的险情就好像一部大片一样，尽管观众看到的结局是完美无缺的平静，但整个过程却是一波三折，只有亲身经历才知玄机重重，每一步都如同在刀刃上的舞蹈。</p>\r\n<p>&nbsp;</p>\r\n<p><b> 作别微软</b></p>\r\n<p>&nbsp;</p>\r\n<p>\r\n我如同一大庞大机器上的零件，在中规中距，没有任何发挥空间地运行着。这是一个随时随地的可以替换的光鲜零件。那种价值的缺失感，以及精神上的落寞占据了我的内心。</p>', 0, '', '0000-00-00'),
(30, 40, '最艰难的60天', 10, '<p><b>“能得到李开复是最好的”</b></p>\r\n<p>&nbsp;</p>\r\n<p>\r\n我没有等，而是主动在网上搜索了Google总裁艾瑞克的电子邮箱地址，发出了我希望加盟Google的意愿。我表明了我愿意去中国工作，我知道，这是一次“追随我心”的行动。</p>\r\n<p>&nbsp;</p>\r\n<p><b> 高尔夫球场上的面试</b></p>\r\n<p>&nbsp;</p>\r\n<p>\r\n这真是开天辟地、史无前例的面试经历。有了这样的创始人，怪不得许多在Google工作的人都像脱胎换骨了一样，年轻了许多呢。</p>\r\n<p>&nbsp;</p>\r\n<p><b> “开复，我们被起诉了！”</b></p>\r\n<p>&nbsp;</p>\r\n<p>\r\n就在他办公室门外，几个身穿西服、表情严肃的人已经站在他的门外等候，我一眼望去就知道他们是谁。他们是律师，按照微软的计划，他们早就在那里“恭候”我了。</p>\r\n<p>&nbsp;</p>\r\n<p><b> 每本商业杂志的封面都是我</b></p>\r\n<p>&nbsp;</p>\r\n<p>\r\n这个消息无疑像炸弹一样，引爆了全球的互联网界。世界上最受瞩目的两家高科技公司打起来了，他们为了一个管理人员的去留竟然打上法庭,这样具备一切流行元素的新闻事件马上成为各个媒体争相报道的对象！</p>\r\n<p>&nbsp;</p>\r\n<p><b> 人生中最艰难的60天</b></p>\r\n<p>&nbsp;</p>\r\n<p>\r\n“人生在世，我们要用勇气改变可以改变的事情,用胸怀接受不能改变的事情,并用智慧分辨二者的不同”。内心的声音开始告诉我，“不能这样，我要振作起来！”</p>\r\n<p>&nbsp;</p>\r\n<p><b> 不再熟悉的朋友</b></p>\r\n<p>&nbsp;</p>\r\n<p>\r\n此时此刻，昔日的“战友”变成了今日的“对决”，不管对方是否是存心“伤害”，我都悲从中来，百感交集。</p>\r\n<p>&nbsp;</p>\r\n<p><b> 出庭前的“魔鬼训练”</b></p>\r\n<p>&nbsp;</p>\r\n<p>\r\n在真正的法庭上，没有章法，律师不仅仅不按照顺序提问，而且随时都会给你设下一个陷阱。我们都知道你没有犯错，难道你自己想掉到文字游戏的陷阱当中吗？</p>\r\n<p>&nbsp;</p>\r\n<p><b> 庭审——“拳击手套该拿下来了！”</b></p>\r\n<p>&nbsp;</p>\r\n<p>\r\n我和律师们一起来到了华盛顿的州立法庭，这也是我人生中第一次走进美国的法庭。</p>\r\n<p>&nbsp;</p>\r\n<p><b> 宣判——“我们赢了第一回合！”</b></p>\r\n<p>&nbsp;</p>\r\n<p>\r\n在这两个月里，我度过了我人生中最煎熬的两个月，但是今天，回顾过去的两个月，我的内心却非常温暖，并心存感恩。那是因为，我的身边还有天才的你们。让我感动的不仅仅是你们出色努力的工作，而是你们正义和善良的心。</p>\r\n<p>&nbsp;</p>\r\n<p><b> 与历史和解</b></p>\r\n<p>&nbsp;</p>\r\n<p>\r\n今天，在很多人眼睛里，对于当时的诉讼“盛况”早就失忆了，&nbsp;时间一直在向前奔跑，世界在日新月异分秒必争的向前迈进。但是对于当事人的我来说，这个事件停留在生命里，成为了一个深刻的符号。这个事件，让我在漩涡中感同身受了世界的冷暖。有最刻骨的伤害，同时也有最温暖的关怀！</p>', 0, '', '0000-00-00'),
(31, 40, '谷歌的童话世界', 11, '<p>感受谷歌</p>\r\n<p>&nbsp;</p>\r\n<p>\r\n自今年5月份谷歌厨师长查理离职后,谷歌总部的数千名工程师就陷入“饥饿”当中。现在,这家网络搜索引擎公司的总裁正在全球为自己发动一场搜索,目标是寻找两名执行厨师长来代替查理。</p>\r\n<p>&nbsp;</p>\r\n<p>\r\n魔鬼试题</p>\r\n<p>&nbsp;</p>\r\n<p>\r\n所有能被邀请去谷歌面试的人，都已经被贴上了“聪明人”的标签。毫无疑问，我的首要任务就是把这种招聘风格带到中国，吸引全中国的计算机人才。</p>\r\n<p>&nbsp;</p>\r\n<p>\r\n谷歌中国</p>\r\n<p>&nbsp;</p>\r\n<p>\r\n李开复要招收50名“关门弟子”的消息开始在媒体上出现，这让整件事充满了神秘感。</p>\r\n<p>&nbsp;</p>\r\n<p>\r\nICP牌照风波</p>\r\n<p>&nbsp;</p>\r\n<p>\r\n开局不顺的谷歌中国在经历了所有该经历的一切后，应该开始峰回路转的路程了。</p>\r\n<p>&nbsp;</p>\r\n<p>\r\n做好搜索</p>\r\n<p>&nbsp;</p>\r\n<p>\r\n我们要忍受和拒绝的诱惑有很多。在竞争对手依然不断推出各种眼花缭乱产品的时候，我们必须沉下心来做我们应该做的事情。可以说，这需要超强的韧性和定力才可实现。</p>\r\n<p>&nbsp;</p>\r\n<p>\r\n自我管理</p>\r\n<p>&nbsp;</p>\r\n<p>\r\n我想，对于天才工程师们来说，最有吸引力的制度，无疑是让他们的天分得以发挥的制度。</p>\r\n<p>&nbsp;</p>\r\n<p>\r\n坚守的意义</p>\r\n<p>&nbsp;</p>\r\n<p>\r\n我深深懂得很多跨国公司在中国运营的种种困难，也深刻理解他们最终选择离开的无奈。幸运的是，谷歌中国用超常的耐心，超人的毅力，卓越的产品逐渐赢得了中国用户的信任。</p>\r\n<p>&nbsp;</p>\r\n<p>\r\n再见，谷歌</p>\r\n<p>&nbsp;</p>\r\n<p>\r\n非常感谢这四年带来的美好回忆，我想，我的身体里已经存留了一份“小飞侠”的天真，他让我一往无前的继续前行。</p>', 0, '', '0000-00-00'),
(32, 40, '世界因你不同', 12, '<p><b>我与中国大学生的不了缘</b></p>\r\n<p>&nbsp;</p>\r\n<p>\r\n中国的大学生是非常优秀的，但我却越来越多地感受到他们的内心困惑。面对着望子成龙的父母、应试教育体制束缚下的学校和老师、急功近利的社会心态，这些都让他们很多人在路途中陷于迷失。</p>\r\n<p>&nbsp;</p>\r\n<p><b> 建立我学网</b></p>\r\n<p>&nbsp;</p>\r\n<p>\r\n让我欣慰的是，这个平台仍在不断发展，现在已变成了大学生互相帮助的平台，&nbsp;它正在传递力量，传递理想，传递希望。我希望它能够一直延续自己的使命，哪怕学生们在我学网上仅获得点滴启示，那也足够温暖一段人生旅程。</p>\r\n<p>&nbsp;</p>\r\n<p><b> 世界因你不同</b></p>\r\n<p>&nbsp;</p>\r\n<p>\r\n抓住一切去探寻生命的意义，总有一天，世界将因你不同。</p>', 0, '', '0000-00-00');
INSERT INTO `bookcontents` (`id`, `booksId`, `contentName`, `contentNum`, `contents`, `bookContentCheckup`, `draft`, `lastUpdate`) VALUES
(21, 40, '序言 从心选择', 1, '<p><b>选择的力量</b></p>\r\n<p>&nbsp;</p>\r\n<p>\r\n2009年8月5日，美联航UA888次航班缓缓地在加利福尼亚州降落，我又一次来到了这座再熟悉不过的港口城市——旧金山。</p>\r\n<p>&nbsp;</p>\r\n<p>\r\n我曾经在这里起飞、降落过无数次。现在，眼前的一切如同油画般慢慢展开：阳光一如既往，温暖地照耀着水面，空气里有股微甜的清新味道，远处旧金山湾的海水，灰中微微荡漾着湛蓝，横跨在海面上的那座著名的砖红色大桥，刚毅挺拔，泛着陈旧的岁月光芒。</p>\r\n<p>&nbsp;</p>\r\n<p>\r\n坐在车子的驾驶座上，我摇下车窗，深深地吸了一口早晨清冽的空气，好像在用心感受一种不同于以往的心情。我闭上眼睛，再问自己一遍：“你，准备好了吗？”</p>\r\n<p>&nbsp;</p>\r\n<p>\r\n“是的，我已经准备好了！”一个来自内心深处的声音作出回答。</p>\r\n<p>&nbsp;</p>\r\n<p>\r\n我知道，在这里，我将作出又一个重要的人生选择。</p>\r\n<p>&nbsp;</p>\r\n<p>\r\n尽管前面充满了悬念，但是我依然相信内心的声音。我知道，只有follow&nbsp;my&nbsp;heart(追随我心)的选择，才能激发起身体里最大的潜能，拼尽全力向下一个目标靠近。一如过去很多选择曾带给我类似的人生体验。</p>\r\n<p>&nbsp;</p>\r\n<p>\r\n我无法忘记1990年夏天那次来到加州的情景，那时我也面临着一个巨大的选择。当时年仅28岁的我是卡内基·梅隆大学最年轻的副教授，只要再坚持几年就可以得到tenure(终身教授)的职位。这意味着终生的安稳，可以在世界排名第一的大学计算机系中作研究。但是苹果公司希望我放弃这一切，我清楚地记得当时苹果公司的副总裁戴夫·耐格尔对我说的话，他举着一杯透亮的自酿葡萄酒对我发出邀约：“开复，你是想一辈子写一堆像废纸一样的学术论文呢？还是想用产品改变世界？”</p>\r\n<p>&nbsp;</p>\r\n<p>\r\n这句话直击我的软肋，点燃了我多年“世界因你不同”的梦想。</p>\r\n<p>&nbsp;</p>\r\n<p>\r\n“Make&nbsp;a&nbsp;difference”——“让世界因我不同”，一直是我在哥伦比亚大学时期的哲学老师最为推崇的人生态度。想象一个没有你的世界，让有你的世界和无你的世界作出对比，让世界由于你的态度与选择发生有益的变化。老师说，这就是人生存在的哲学意义。Make&nbsp;a&nbsp;difference，将人生的影响力最大化，提供给我一种思考与世界观。</p>\r\n<p>&nbsp;</p>\r\n<p>\r\n1990年，我作出了职业生涯中第一个重要选择，我放弃了对终身教授职位的追寻，加入了“改变世界”的队伍。这给我的人生带来了无尽的惊喜。</p>\r\n<p>&nbsp;</p>\r\n<p>\r\n在苹果公司，我感受到做产品的无穷乐趣，我和同龄人一起畅游在市场前沿，感受着扑面而来的市场竞争。在一个叫Mac&nbsp;III的小组，我们尝试着把语音识别的技术融入电脑里，试着让躺在纸上的学术论文变成现实。一年之后，我成为苹果研发集团ATG语音小组的经理，后来成为苹果公司最年轻的副总裁。在苹果，我的团队发明了QuickTime，这个产品点燃了多媒体革命，也帮助促成了像iPod、iPhone这样的奇迹。经过在苹果的成就与挫折，我逐渐理解纸上谈兵的理论创新是无用的，做产品必须与实际相互结合，要做有用的创新。</p>\r\n<p>&nbsp;</p>\r\n<p>\r\n这次选择奠定了我今后的道路，我放弃了一个铁饭碗，却开始拥抱更精彩的人生。</p>\r\n<p>&nbsp;</p>\r\n<p>\r\n在这之后，我不再害怕放弃。我相信，只要从心开始，每一个选择背后，都隐藏着一片新的世界。当一个机遇来临，只要正确评估自己的潜能，融入对人生的理解，就能获得这片新的世界。</p>\r\n<p>&nbsp;</p>\r\n<p>\r\n1998年，当我选择回中国创建微软中国研究院时，身边相当多科学家都认为我颇具“冒险精神”。他们认为当时的中国，学术环境不佳，人才不够优秀，生活条件艰苦。几乎所有的人都认为微软中国研究院成功的可能性不高，这样的选择很可能“自毁前程”。但是，这些都无法改变我追随内心的决定，因为我一直受到父亲的影响。</p>\r\n<p>&nbsp;</p>\r\n<p>\r\n我的父亲出生在四川，晚年一直在台湾生活。他从来没有忘记对祖国的爱。不管是早年在书房里埋头撰写有关中国的书籍，还是晚年到美国陪我生活时透露让我回国的愿望，我都能深刻地感觉他内心那一份深厚的感情。父亲在临终之前告诉病榻之前的我，他梦见自己在水面捡到一张白纸，上面写着四个字——“中华之恋”。父亲的中华之恋震撼了我，也给了我选择的勇气和决心。</p>\r\n<p>&nbsp;</p>\r\n<p>\r\n背负着父亲的理想和改变中国科技环境的愿望，我不顾劝阻回到了北京。在那座咖啡色的希格玛大厦里，我们从一个三人小团队开始孤军奋战，到设计出一个研究院运营的体制，到攻破一个个科研课题，微软中国研究院从一个很小的雏形渐渐演变成了一个颇具规模、具有国际水准的研究机构。我们出的论文在有关领域超过了亚洲任何类似的科研组，甚至足以挑战美国最先进的高校。我们被麻省理工学院选为“世界最火的计算机实验室”。员工们紧密团结的合力最终成就了微软中国研究院的起飞，这也再次见证了选择的力量。</p>\r\n<p>&nbsp;</p>\r\n<p>\r\n当你听从了内心的声音，你就会全力以赴地为那个声音努力，拼搏，直到到达彼岸。</p>\r\n<p>&nbsp;</p>\r\n<p>\r\n这个选择带给我两年在中国工作的经历，这是一笔无价的财富，我感受到中国的活力，感受到自己对中国的感情，也让我体验到从无到有创建一个机构的成就感。通过这次的选择，我逐渐意识到自己喜欢做的事情和自身的优势。这种感觉在我被调回微软总部后更加深刻。与其在一个庞大的机构里当一个随时可被替换的“光鲜零件”，我更愿意利用深刻理解中国和美国文化的优势，在中国做开创性的工作。</p>\r\n<p>&nbsp;</p>\r\n<p>\r\n于是，一种力量驱使我作出了另一个令人激动的选择。我放弃了世界最大、最成功的微软，从这架庞大的机器上把自己替换出来，选择把另一个硅谷童话带回中国。当我看到全球最大的互联网公司Google（谷歌）决心在中国开拓市场时，我相信，这个机会离我只有一步之遥。我给我的老朋友，Google的首席执行官艾瑞克·施密特写了一封希望加盟的邮件，得到了张开双臂的欢迎。当心中的声音足够强烈的时候，选择就不该有丝毫迟疑。</p>\r\n<p>&nbsp;</p>\r\n<p>\r\n尽管西雅图和硅谷都在美国西部，距离很近。但是从那儿到这儿，我却整整走了两个月。一次普通的工作转换意外地演绎成我人生中最大的风波。微软以我违反竞业禁止协议为由，将我和Google一并告上法庭。</p>\r\n<p>&nbsp;</p>\r\n<p>\r\n我相信，是“从心选择”的力量支撑着我度过了这段日子。它让我从悲愤中渐渐地安静下来，用胸怀接受了不能改变的事情，然后激励自己用勇气来改变可以改变的事情。我从30万份邮件中找到了证实自己并没有违约的证据，最终在一场离职风波中赢得了回到中国工作的机会。</p>\r\n<p>&nbsp;</p>\r\n<p>\r\n这件事情像一面凸透镜，聚焦了人性的美丑，也凸显了“从心选择”的强大力量。当所有的风暴过去，剩下的只有更加坚强的生命、更加坚定的意念。回过头来看这段岁月，我感觉它像金子一样在发光，因为它给予了我人生中更为宝贵的经验，那就是面对人生低谷时如何作出选择，是放任自己的悲伤还是逆流而上？这些经验都被用在了我之后在谷歌中国的四年时光里。</p>\r\n<p>&nbsp;</p>\r\n<p>\r\n重大的放弃与选择之后，将迎来一片新的世界。加入谷歌中国，这是一段无怨无悔的日子。我甚至可以说，这是截止到目前，我职业生涯中最精彩、最具有戏剧性的篇章。之前的离职风波，让我与谷歌中国有一种惺惺相惜的感觉。感觉它更像我的朋友，我的家人，而不是一份单纯的工作，因此，整个过程我都全情投入。</p>\r\n<p>&nbsp;</p>\r\n<p>\r\n从修改一个搜索结果的微小细节出发，到对公司战略的全盘把握，在整整四年的时光里，我努力地把Google“平等、创新、快乐、无畏”的精神带到中国。这个过程并非一帆风顺，但是我们坚持着自己的信念与价值观，保持着超强的耐心精耕细作。</p>\r\n<p>&nbsp;</p>\r\n<p>\r\n从2006年强调专注搜索开始，我压抑着身边跃跃欲试的年轻工程师要做更酷、更炫产品的呼声，同时也把那些“想快赚钱，买流量”的声音屏蔽在我们的世界之外。“解决断网问题、提高搜索质量、让整合搜索呈现得更完美”——这是谷歌中国创立后最专注的事情。</p>\r\n<p>&nbsp;</p>\r\n直到今天，谷歌中国的搜索质量已堪称最精确、最完整、最即时。而谷歌整合搜索以及搜索百宝箱的推出，让用户获得了最好的搜索体验。我们的市场份额也从2006年的16.1%提高到2009年的31.0%。<br />\r\n<p>\r\n而一系列产品的上线也让谷歌中国的版图渐渐清晰。谷歌地图、谷歌手机地图、谷歌手机搜索、谷歌翻译在2009年成为中国使用率第一的相关软件。尤其是音乐搜索的推出，可以让网民首次享受到正版免费的音乐，创立了全球音乐下载的崭新模式。</p>\r\n<p>&nbsp;</p>\r\n<p>\r\n当我随意走进咖啡馆，看到年轻人在用谷歌的整合搜索查询信息，用地图查看实时交通流量，在iGoogle上挑选自己喜欢的“皮肤”（计算机界面），或者在用谷歌音乐听正版歌曲时，我都会露出发自内心的微笑。</p>\r\n<p>&nbsp;</p>\r\n<p>\r\n这甚至让我忘记了以前碰到的冤枉和委屈，也让我忘记了险恶的互联网环境中遭遇的挑战和坎坷。这种改变世界的感觉带来了心中的一股暖流，让我再次相信：只有发自内心的选择才能够支撑你渡过一个又一个难关。</p>\r\n<p>&nbsp;</p>\r\n<p>\r\n在谷歌的这四年对我来说，又是一次飞跃式成长。所有的经验，所有的成败，所有的荣辱换来的承压能力，所有的应对暴风骤雨般危机的能力，已经全部融会贯通在我的血液里。现在，这家全球最大的互联网公司，这家依然可爱地坚守自己价值观的公司，它正向我发出新的邀请，邀请我下一个四年继续留任。</p>\r\n<p>&nbsp;</p>\r\n<p>\r\n在我来到美国之前，我的电子邮箱里已经有一封邮件在等我回复，里面全是密密麻麻的表格，那是未来四年公司慷慨发给我的股票数额，数目大得超出了我的想象。我知道，谷歌总部给了我续约的邀请，我知道，谷歌中国有700位我精心挑选的员工，每位都是精英，也是我的朋友。我知道，谷歌有好多重大的新科技创新，从Android到Chrome到Google&nbsp;Wave，等着我把它们带入中国。</p>\r\n<p>&nbsp;</p>\r\n<p>\r\n那么今天，我会说不吗？旧金山海湾上空一阵微风吹过，让人头脑非常清醒。我知道自己已经想好了答案！我在车载GPS导航仪上输入了（山景城&nbsp;露天剧场大道1600号）字样，启动汽车引擎，45分钟之后，就会到达Google那座紫色的大楼。</p>\r\n<p>&nbsp;</p>\r\n<p>\r\n我的内心又说了一遍：“是的，我真的准备好了！”</p>\r\n<p>&nbsp;</p>\r\n<p><b>帮中国的年轻人圆梦</b></p>\r\n<p>&nbsp;</p>\r\n<p>\r\n今天，我开得很慢，仿佛是让自己的心情在辽阔的天空下能够更加安静。</p>\r\n<p>&nbsp;</p>\r\n<p>\r\n从旧金山国际机场一路向南，把车开上绵延的101号公路，沿途是高高低低的山丘和一片田园风光。很难想象，这里和世界科技的奇迹——硅谷如此接近。</p>\r\n<p>&nbsp;</p>\r\n<p>\r\n当车进入到旧金山湾南部的圣克拉拉县，人们就会离这个天才的集散地越来越近。路过硅谷的起点帕罗奥多（Palo&nbsp;Alto）市后，从露天剧场大道（Amphitheatre&nbsp;Parkway）出口转出，眼前就是位于山景城的Google了。象牙白色的巨大恐龙骨骼矗立在四座连体的紫色大楼中央，仿佛在彰显一种乖张又另类的风格。这正是Google的风格。</p>\r\n<p>&nbsp;</p>\r\n<p>\r\n这是一家真正改变世界的企业，是无数天才向往的圣地，每一间小小的办公室里，诞生的往往都是足以影响世界的创意。</p>\r\n<p>&nbsp;</p>\r\n<p>\r\n在这个“平坦的世界”里，Google用自己的正直、谦和、天才的创意以及商业社会少有的自尊赢得了世界互联网用户的心，也曾经带给我一种幸福的归属感。我曾在这座紫色的建筑群里受到意外的欢迎，大厨把他精心制作的5层蛋糕推进了会议室，仿佛庆祝我从一次意外事件中获得重生。我曾在这里数次作有关中国的汇报，把所有的数据和新产品创意用PPT一页一页地呈现出来，得到认可。我曾在这里与艾瑞克·施密特和艾伦·尤斯塔斯无数次地沟通和交流，我能感到，无论身处顺境、逆境，来自总部的声音多以支持帮助为主。开放式的讨论之后，我总是可以得到需要的理解。这其实对跨国公司在中国是否放权这个敏感的话题作出了解读——Google已经在众多落户中国的外企中奋力地走在了前列。</p>\r\n<p>&nbsp;</p>\r\n<p>\r\n也许是今天我知道我将和老板有一场与以往全然不同的对话，因此，我走进了时间长河的光影里，在内心深处对过去四年进行了一次俯视。</p>\r\n<p>&nbsp;</p>\r\n<p>\r\n老板来了，我的思绪回到了现实。不过，我已经准备好了！</p>\r\n<p>&nbsp;</p>\r\n<p>\r\n艾伦·尤斯塔斯,一个比我大五岁的美国人，他是谷歌工程高级副总裁，掌管着Google最大的资产：一万个工程师。四年前，正是他在电话里兴致勃勃地通知我：“开复，我帮你争取了一个我相信你无法说不的offer（邀请条件）!”之后，我们开始了四年波澜不惊的搭档生活。艾伦高高的个子，稻草色的头发，总是带着平静的微笑，他习惯于安静地倾听而不急于表态，他是个温和派的老板。</p>\r\n<p>&nbsp;</p>\r\n<p>\r\n“嗨,开复，最近好吗？”艾伦推开办公室的门，和我打招呼。我们的对话总是很轻松地开始。</p>\r\n<p>&nbsp;</p>\r\n<p>\r\n“还不错呀，艾伦。你呢？”我说。</p>\r\n<p>&nbsp;</p>\r\n<p>\r\n这是我们习惯性的对话。我一边打开电脑，一边和他聊了聊加州的天气。不过，过了一会，我的表情严肃了起来，“艾伦，我有一件事情想告诉你。”</p>\r\n<p>&nbsp;</p>\r\n<p>\r\n“是什么？”艾伦一改先前的神情，马上进入工作状态。</p>\r\n<p>&nbsp;</p>\r\n<p>\r\n“艾伦，我已经思考了一段时间了，尽管总部非常支持谷歌在中国的工作，我也感觉到这是一家改变世界的企业。不过，我心中还有一个理想没有完成。下一个阶段，我想专注地完成自己心中的这件事。所以，我决定离开公司，我是来向你辞职的！”</p>\r\n<p>&nbsp;</p>\r\n<p>\r\n“啊？是吗？怎么了？开复，我想你知道我们是希望你续约的。我们在4月份就开会讨论了你下一个四年的股票合约。四年前，当时为了弥补你放弃微软股票的损失，我们破纪录给你Google有史以来最高数目的股票。这次我们还是给你一样多。这代表了我们对你过去工作的满意和对你的感谢，也希望你留下来和我们一起工作。开复，你是有什么地方不满意吗？”艾伦明显感觉到很意外。</p>\r\n<p>&nbsp;</p>\r\n<p>\r\n“没有，真的没有。谷歌是我所工作的公司里最让人震撼的。我在这里也学到很多。但是坦诚地说，我不再考虑续约。本来我是打算6月就和你说的，但是你知道，当时谷歌中国忽然发生了急需处理的事情，我想我在那个时候一定不能离开。我告诉自己，一定要将那件事情负责地解决之后才可以离开。现在，艾伦，所有的业务都恢复了正常，我想我可以放心地走了！”</p>\r\n<p>&nbsp;</p>\r\n<p>\r\n艾伦不再像平日那样波澜不惊地微笑。此时，他的语气变得急促，“开复，你先听我说好吗？我们最近整合了欧洲的团队，任命了Nelson&nbsp;Mattos做全欧洲的产品和工程总裁。我们正在讨论，让你做亚太区的产品和工程总裁，负责日本、韩国、印度、东南亚、澳洲等几十个国家和地区的产品研发和市场开发。你再考虑考虑？”</p>\r\n<p>&nbsp;</p>\r\n<p>\r\n“谢谢你，艾伦，我真的不是来要求更高的职位和更高的薪水的。我非常感谢公司对我的安排，但我想我已经下定了决心。谷歌中国现在已经发展到一个平稳的阶段。对于谷歌，我现在已经没有遗憾，但我想现在我的人生还有一个缺憾没有实现，我想去弥补它。那就是和中国青年人一起打造新奇的技术奇迹，我想用自己的主动性做一个掌控全局的工作。我已经到了这个人生阶段，再不去做，我真的很怕来不及了。”</p>\r\n<p>&nbsp;</p>\r\n<p>\r\n“你是说，你想自己去做创业的工作吗？自己做？”</p>\r\n<p>&nbsp;</p>\r\n<p>\r\n“没错！”</p>\r\n<p>&nbsp;</p>\r\n<p>\r\n艾伦沉吟了一会儿，空气里一阵沉默。我想，他心里一定在说：“他疯了吗？他疯了吗？”是的，这个举动看似有些疯狂。但是，在登上飞往加利福尼亚的飞机之前，我已经告诉自己，我想好了，不再动摇。</p>\r\n<p>&nbsp;</p>\r\n<p>\r\n站起身，我看到窗外是一眼望不到尽头的如茵绿草，一个大大的露天剧场在远处静静地独处着。硅谷8月的清晨，空气竟然有丝丝的凉意。此时此刻的我，内心无比轻松。</p>\r\n<p>&nbsp;</p>\r\n<p>\r\n的确，Google是世界上最大的互联网公司，也是世界上最具价值的品牌。现在，我面对的是价值上千万美元的股票和薪水，一个风光诱人兼具辛苦的职位，一个被天才们包围的工作环境。当我尝试着把离开谷歌的决定告诉身边的亲人时，他们不禁瞪大了眼睛惊呼：“什么，你开玩笑？世界上还有更好的工作吗？”</p>\r\n<p>&nbsp;</p>\r\n<p>\r\n是的，这样的工作机会已经千载难逢，那还有什么能够让我痛下决心呢？</p>\r\n<p>&nbsp;</p>\r\n<p>\r\n我想，那就是来自我内心深处的声音了。当一个微小的火种慢慢地在心里闪烁，最终蔓延成为燃烧的火焰；当一个并不清晰的潜意识渐渐地野蛮生长，成为了明确的意志；我想，这就是作出改变的时候了。这和我此前很多次的人生经验相似，每一次放弃，都有争议，都有挣扎，都有留恋。但是最终通过理性走向平静，我深刻地知道，每一次放弃与选择，都是“舍”与“得”的对应。但人们只有倾听内心的声音，真正做到“舍弃”，才可能让自己全力以赴，到达心中的下一个“理想国”。</p>\r\n<p>&nbsp;</p>\r\n<p>\r\n随着年龄的增长，每一次选择的机会成本会越来越大。随之对应的，是作出选择时需要的勇气越来越多。我相信，根据一般人的经验，一定时间之后，年龄与勇气的增长就成了反比。</p>\r\n<p>&nbsp;</p>\r\n<p>\r\n因此，我坚定地在此刻作出选择，生怕日后再没有机会。</p>\r\n<p>&nbsp;</p>\r\n<p>\r\n回望我的工作经历，经过苹果、SGI、微软、Google四个世界顶级公司的历练，我感觉到内心渐渐充满了一种能量。这种能量让我从心底生发出很多有关产品的奇思妙想，我的一些思绪常常在空气中驰骋，却又被眼前现实中巨大的工作量所淹没。逐渐的，我希望我能有不囿于眼前紧密的日程表的一片空间，能够放松地让这些奇思妙想落地生根、发芽，以至于给人们的生活方式带去“惊喜”。不仅如此，我希望把所有聪明人关于科技的奇思妙想集中到一个盒子里，然后让它们经过碰撞，擦出火花，最终经过经验丰富的导师的指导，形成独立的团队投入运作。我的理想是让这个盒子成为“哈利·波特的魔法书”，产生“改变世界某个细枝末节”的魔力。</p>\r\n<p>&nbsp;</p>\r\n<p>\r\n在谷歌中国工作期间，时常有人问我对别的工作是否感兴趣？也有猎头悄悄地给我写信。但是，我恪守着对谷歌的承诺，尽心尽力、忠实地跟随着那些紧密的时间表旋转。今天，当一个新的节点出现的时候，我知道谷歌中国已经从平地跃起，走入了大多数网民的视线，成为一家成熟、稳健、受人喜爱的公司。此时，我终于看到那片更广阔的森林向我招手，尽管通向那里的道路也许满是荆棘。</p>\r\n<p>&nbsp;</p>\r\n<p>\r\n过去这11年断断续续在中国的工作经历，以及父亲对我的影响，让我对中国这片土地充满了难以表述的感情。因此我毫不迟疑地仍将下一个目的地定位在这里。尤其是我与中国青年十年的交流与接触，让我相信这里的智慧内存无比强大。</p>\r\n<p>&nbsp;</p>\r\n<p>\r\n父亲曾经想写一本书，叫《中国人未来的希望》，而过去的十年里，我一直和中国的青年有着近距离的交流。我相信，中国青年的未来，正是中国人未来的希望。因此，当时机逐渐成熟，我终于可以轻装前进，和中国的年轻人站在一起时，我将把毕生工作所得的经验亲手教给他们。</p>\r\n<p>&nbsp;</p>\r\n<p>\r\n是的，这就是我的新选择了。</p>\r\n<p>&nbsp;</p>\r\n<p>\r\n审视自身，为什么我的内心会发出这样的声音呢？我与我在读博士期间的同学兰迪·鲍许教授有着十分相近的想法。罹患胰腺癌的兰迪在过世前曾经做过一场风靡全美的讲座，题目是《真正实现你的童年梦想》，该讲座的视频在不同视频网站上被点播了上千万次，《华尔街日报》把这次讲座称为“一生难觅的最后的讲座”。兰迪除了告诉人们应该不断打破自己内心的砖墙，克服恐惧追寻自己内心的梦想之外，还讲到了真正伟大的目标：帮助别人完成梦想，做一个助人圆梦者。</p>\r\n<p>&nbsp;</p>\r\n<p>\r\n他说：“我发现，帮助他人实现他们的梦想，是唯一比实现自己的梦想更有意义的事情。”我越来越相信，当我已经完成了很多梦想之后，我更大的愿望就是帮助中国的年轻人圆梦。这将比个人单独的成功更具有意义，也可以将我个人的力量尽可能地放至最大。</p>\r\n<p>&nbsp;</p>\r\n<p>\r\n我一直认为兰迪教授所说的“Lead&nbsp;your&nbsp;life（引领我的一生）”这句话既简短有力又意味深长。“Lead&nbsp;your&nbsp;life”而不是“Live&nbsp;your&nbsp;life（过一生）”，也就是说，不要只是“过一生”，而是要用你的梦想引领你的一生，要用感恩、真诚、助人圆梦的心态引领你的一生，要用执著、无惧、乐观的态度来引领你的一生。如果你做到了这些，人的一生就不会再有遗憾。而如果说之前的选择我是在一个框架之下，那么现在的选择，更有“Lead&nbsp;my&nbsp;life”的色彩。</p>\r\n<p>&nbsp;</p>\r\n<p>\r\n因此，我热切盼望着和中国的年轻人并肩作战的日子，那将是一段更为大胆的、未知的旅途。</p>\r\n<p>&nbsp;</p>\r\n<p>\r\n这就是我最新的关于选择的故事。在这本书中，你可以看到，人的一生将会面临着无数的选择，每一步走出都会决定着“人生下一步”这个严肃的命题。它如此玄妙，又如此令人紧张。很多的中国青年都在不同的场合问我，怎样才能拥有选择的智慧？</p>\r\n<p>&nbsp;</p>\r\n<p>\r\n我的答案就是，反复叩问自己的内心，向人生更远的方向看去，而不是被眼前的喧嚣所迷惑。</p>\r\n<p>&nbsp;</p>\r\n<p>\r\n正如苹果创始人乔布斯曾经劝慰年轻人的那样，“不要被信条所惑，盲从信条就是活在别人思考的结果里。不要让别人的意见淹没了你内在的心声。最重要的，拥有跟随内心与直觉的勇气，你的内心与直觉多少已经知道你真正想要成为什么样的人。任何其他事物都是次要的。”</p>\r\n<p>&nbsp;</p>\r\n<p>\r\n你未来的人生之路，就在你的每一次选择中。</p>', 0, '', '0000-00-00'),
(19, 38, '序', 1, '<p>五年前，陈汉中曾经是一名知名专业摄影师，他只需要花了两年的时间学摄影课程，这两年他已经能够掌握所有的摄影技巧。汉中从小就对摄影有兴趣，而且他还当着朋友的面前承诺要当一名出色的摄影师。可是没想到他最后还是梦想成真当上了摄影师，已经红透半边天&nbsp;的他，以他的性格，他可是才华横溢，很有摄影天分，每间摄影公司都想请他摄影。</p>\r\n<p>&nbsp;</p>\r\n<p>\r\n&nbsp;为了追求梦想，他的哥哥汉吉可是他身边的靠山。虽然汉中从小就失去父母的依靠，可是他依然勇敢和坚强的活了下来。从小与汉吉相依为命。汉中毕业于摄影艺术学院。自小聪明伶俐，乖巧懂事。汉中在当上摄影师后，还曾经去过很多地方摄影大自然风景，他最擅长就是专门摄影风景之类的画面，而且摄影得天衣无缝，很有感觉，摄影公司的老板Danny早就看出他是个有才华的人。</p>\r\n<p>&nbsp;</p>\r\n<p>\r\n&nbsp;汉中人长得高大英俊，为人和蔼可亲，温柔体贴，早从他当上摄影师开始就有很多粉丝对他刮目相看，他当上摄影师不久就有个漂亮美女看上他，她的名字叫杨玉君，玉君是地产公司的副经理助手，他们两人刚认识几个月就正式成为男女朋友的关系，如今已经交往超过五年了。</p>\r\n<p>&nbsp;</p>\r\n&nbsp;<br />\r\n<p>\r\n汉中出过一本旅游写真书，书本中的内容描述了各国地方的景色和来历。这本旅游写真书很受欢迎，很快就被些热爱旅游的人给抢购完毕，很是畅销。可是如今完全已经成为过去了，虽然到现在书店还是找得到那本书，可是汉中的摄影梦想早已被毁灭了。</p>\r\n<p>&nbsp;</p>\r\n<p>\r\n&nbsp;汉中的摄影作品被选中已获得最佳摄影奖项。他知道后原本兴高采烈与Danny和同事们去拿奖。可是没想到就在他刚发表完意见和感想后就发生了一场无人能预料到的意外。本来可以好好庆祝一番，玉君刚从电视上看到汉中的摄影作品拿到最佳摄影奖项，很是替他高兴。&nbsp;可是汉中本来想把这个好消息告诉玉君和他的高中朋友林嘉乐，天意弄人，本来想与朋友和家人好好庆祝一番。</p>\r\n<p>&nbsp;</p>\r\n<p>\r\n&nbsp;他在这一生中遇上了一位强劲的敌手张云，张云心胸狭窄，心狠手辣，由于自己没机会拿到摄影奖项，云就怀恨在心，心生妒忌，就对汉中展开实际行动对汉中下毒手。云的梦想也是成为出色的摄影师，由于妒忌他一直被所有人重视，自己却被人冷落和疏远，云心中早已有这样的念头了。就在晚上十点，云就趁这个机会绑走汉中，过后再蒙住他的双眼，似乎要除掉他的双眼。汉中被打昏后，云还趁机打断他的脑袋，尤其是靠近眼角旁边的侧脸，汉中被打得血流满脸，最后就不省人事了。</p>\r\n<p>&nbsp;</p>\r\n<p>\r\n&nbsp;事情发生后，玉君他们并不知情。最后才发觉汉中出事了。躺在病床上的汉中并不知道自己已经身在医院，可是醒来眼前一片黑暗，以为是停电。&nbsp;</p>\r\n<p>&nbsp;</p>\r\n<p>\r\n后来玉君，汉吉和嘉乐他们告诉汉中他的双眼已经完全失明了，汉中听后不仅受到双重打击，面对父母意外双亡和失明的痛苦，可是医生告诉汉中唯一的解决方法就是接受眼角膜移植手术。汉中必须找到适合的眼角膜才能接受手术。一想起这件事，汉中这五年以来都过着以泪洗面的日子。由于三年前曾经动过眼部手术，可是手术失败，因为眼角膜并不适合他的眼睛。最后只好继续等待适合的眼角膜。</p>\r\n<p>&nbsp;</p>\r\n<p>\r\n&nbsp;这些事情不停在汉中的脑海中浮现着。。。&nbsp;</p>', 0, '', '0000-00-00');
INSERT INTO `bookcontents` (`id`, `booksId`, `contentName`, `contentNum`, `contents`, `bookContentCheckup`, `draft`, `lastUpdate`) VALUES
(20, 38, '没有光芒的世界', 2, '<p>直到有一天，&nbsp;汉中手中拿着手杖慢慢爬着楼梯上到最高一层的高楼大厦。很多人在楼下看到汉中爬到最高一层楼，他们早就认出他本人，以为汉中想从高楼跳下企图自杀。汉中的老板Danny心急就跟了上去。</p>\r\n<p>&nbsp;</p>\r\n<p>\r\n&nbsp;汉中心想：“为什么？？&nbsp;为什么我的人生是多么的悲观？工作没了，连老天爷也在作弄我，一生却是一名无依无靠的人，老天爷，你真的对我太不公平了。。我最喜欢摄影，为什么不让我继续我的事业？？”</p>\r\n<p>&nbsp;</p>\r\n<p>\r\n&nbsp;想着，就爬到高楼的阳台上准备从口袋中拿出以前他拍过的照片通通给撕成碎片，把那些照片从高楼扔下。汉中一直站在阳台上险些从高楼坠下。幸好他小心翼翼扶着柱子，否则后果不堪设想。由于看不到的关系，汉中不慎从阳台上掉下，连手杖都掉在地板。汉中自己爬着摸黑寻找自己的手杖，最后又继续撕完所有的照片，幸好被Danny实时发现，连忙阻止他的行动。</p>\r\n<p>&nbsp;</p>\r\n<p>\r\n&nbsp;“中仔，你为什么要撕烂所有的照片？这些照片对你来说是很重要的。你为何要这样做啊？难道你不心痛吗？”Danny替汉中感到不值。&nbsp;</p>\r\n<p>&nbsp;</p>\r\n<p>\r\n“放开我，你别拉着我啦，我现在真的瞎了，不能摄影了，那我还留着那些照片干什么？这些照片对我来说已经毫无意义了。”汉中为自己失明的事感到痛苦不已。&nbsp;</p>\r\n<p>&nbsp;</p>\r\n<p>\r\n“你别这样做，这些照片我最喜欢，你不要的话可以给我啊。”&nbsp;</p>\r\n<p>&nbsp;</p>\r\n<p>\r\n“这些照片&nbsp;我还有很多份copy，&nbsp;你要多少我都可以给你，总之事实就是事实，我不能不相信现在的状态，你已经不是我的老板了，我也不是你要的摄影师，我已经是瞎子一个，你为什么还那么关心我？还有多管闲事呢？你还是走吧，我真的不想再见到你，以免让我想起那些不该想的事情。”</p>\r\n<p>&nbsp;</p>\r\n<p>\r\n&nbsp;“我其实不想你放弃梦想啊！你明白吗？”Danny再三确认。&nbsp;</p>\r\n<p>&nbsp;</p>\r\n<p>\r\n“我叫你走啊！你为什么还听不懂我的话啊？我想一个人静一静。”&nbsp;</p>\r\n<p>&nbsp;</p>\r\n<p>\r\n“竟然这样，那我先走了，你一个人要小心啊！”&nbsp;</p>\r\n<p>&nbsp;</p>\r\n<p>\r\nDanny&nbsp;知道汉中心情不好，只好擅自离开，可否知道他的感受是多么的沉重。可是汉中有考虑到他家人和朋友的感受，所以就打消了自杀的念头。还好他还看得开，能够坚强的生活下去，可是还是忘不了以前的摄影生涯。心中一直牵挂着摄影的影子。汉中不知道后面有几个黑衣人冲向他身后抓住他，过后又有几个人拉住他的手脚把他硬拉进车中。不慎把手杖遗留在原地。</p>\r\n<p>&nbsp;</p>\r\n<p>\r\n&nbsp;“你们是谁啊？放开我啊？干吗抓住我啊？”&nbsp;</p>\r\n<p>&nbsp;</p>\r\n<p>\r\n“你最好给我闭嘴，要不然我就要割掉你的舌头，听见没有？”&nbsp;</p>\r\n<p>&nbsp;</p>\r\n<p>\r\n最后他们硬把纸团塞进他的嘴巴让他无法说话。汉中挣扎不果。汉中被带到一间荒废的屋子中，汉中根本不知道自己现在身在何处，可是那个黑衣老大却始终不相信他是个瞎子。汉中努力向解释解释。还叫他们可以尝试测试他的眼睛。最好他们才相信汉中真的看不到。</p>\r\n<p>&nbsp;</p>\r\n<p>\r\n&nbsp;“你真的看不到我们？我才不相信呢？”&nbsp;</p>\r\n<p>&nbsp;</p>\r\n<p>\r\n“我想知道这里到底是什么地方，我真的看不到，你们要相信我，你如果不相信的话可以测试我的眼。”&nbsp;</p>\r\n<p>&nbsp;</p>\r\n<p>\r\n“那好吧。。”&nbsp;</p>\r\n<p>&nbsp;</p>\r\n<p>\r\n另一个人尝试伸出双手才看见汉中的眼珠没有跟着转动才相信他真的看不到，于是就想办法作弄他。&nbsp;</p>\r\n<p>&nbsp;</p>\r\n<p>\r\n“大佬，他真的看不到哦。”&nbsp;</p>\r\n<p>&nbsp;</p>\r\n<p>\r\n“我相信你，可是我想跟你玩个游戏哦，可以吗？”&nbsp;</p>\r\n<p>&nbsp;</p>\r\n<p>\r\n“你们想怎么样？我不想玩，我又看不到要怎么玩？”&nbsp;</p>\r\n<p>&nbsp;</p>\r\n<p>\r\n“你放心，我们不会对你怎么样的，游戏非常简单，你只要找到这里的门口就可以了。“&nbsp;</p>\r\n<p>&nbsp;</p>\r\n<p>\r\n”我怎么知道在哪里？要怎么找？&nbsp;手杖不在我身边哦。”&nbsp;</p>\r\n<p>&nbsp;</p>\r\n<p>\r\n“用感觉不就行了吗？其实门口离你并不远。你自己好好找找吧。”&nbsp;</p>\r\n<p>&nbsp;</p>\r\n<p>\r\n“不要走啊！你们怎么可以丢下我一个人啊？”&nbsp;</p>\r\n<p>&nbsp;</p>\r\n<p>\r\n他们全部充耳不闻，根本没把汉中放在眼里。最后才慢慢摸到大门口。那些人就一直拍手称快，以证明汉中并没有真正失明，最后还是让他找到大门口。&nbsp;</p>\r\n<p>&nbsp;</p>\r\n<p>\r\n“很厉害啊，真是佩服你哦，看来你还是能够看见东西对吗？”&nbsp;</p>\r\n<p>&nbsp;</p>\r\n<p>\r\n“你要我怎么跟你说你才会相信啊？”&nbsp;</p>\r\n<p>&nbsp;</p>\r\n<p>\r\n“那你就一个人留在这里吧！我们要走了。”&nbsp;</p>\r\n<p>&nbsp;</p>\r\n<p>\r\n“别把我一个人丢在这里，我不会认路回去呀！”&nbsp;</p>\r\n<p>&nbsp;</p>\r\n<p>\r\n“我们只是在跟你开玩笑啦，我会送你到路口的，你自己搭车回去吧。”&nbsp;</p>\r\n<p>&nbsp;</p>\r\n<p>\r\n“你们真的很没有良心啊！！”&nbsp;</p>\r\n<p>&nbsp;</p>\r\n<p>\r\n汉中还在气头上，没想到那几个人竟然是在跟他玩躲猫猫，真是太过分了，连一个瞎子也敢玩弄，汉中也没有其他选择，幸好他们没有伤害他，要不然汉中早就归天了。可是，汉中没有手杖就无法自行回家。自己却不知如何是好，在那荒山野林的地方，他的手机却没有半点讯号，联络不上他大哥和玉君。被一个好心人问路。</p>\r\n<p>&nbsp;</p>\r\n<p>\r\n&nbsp;“这里到底是什么地方啊？怎么没有半点声音啊？”&nbsp;</p>\r\n<p>&nbsp;</p>\r\n<p>\r\n“先生，你在找什么啊？&nbsp;怎么一个人在这里啊？“老奶奶随口问道。&nbsp;</p>\r\n<p>&nbsp;</p>\r\n<p>\r\n“对了，这位婆婆，请问这里是什么地方啊？“&nbsp;</p>\r\n<p>&nbsp;</p>\r\n<p>\r\n“这里不就是一个平福村子咯，有很多花花草草靠近森林的地方。“&nbsp;</p>\r\n<p>&nbsp;</p>\r\n<p>\r\n“婆婆，你是不是住在这里的啊？”汉中想知道真相。&nbsp;</p>\r\n<p>&nbsp;</p>\r\n<p>\r\n“是啊，怎么了？难道你没看到这些花花草草吗？”老奶奶奇怪问道。&nbsp;</p>\r\n<p>&nbsp;</p>\r\n<p>\r\n“我是个盲人，我看不到东西。”&nbsp;</p>\r\n<p>&nbsp;</p>\r\n<p>\r\n那位老奶奶以为汉中在跟他开玩笑，可是看见他的眼神很奇怪，就觉得他的眼睛有点问题。&nbsp;</p>\r\n<p>&nbsp;</p>\r\n<p>\r\n“你不是在开玩笑吧？”&nbsp;</p>\r\n<p>&nbsp;</p>\r\n<p>\r\n“我没在开玩笑，我是真的看不到。”&nbsp;</p>\r\n<p>&nbsp;</p>\r\n<p>\r\n“那你怎么会在这里呢？不如我带你去我家转告我的孙子吧。”老奶奶建议。&nbsp;</p>\r\n<p>&nbsp;</p>\r\n<p>\r\n“我想先联络我家人先，我先打个电话。”&nbsp;</p>\r\n<p>&nbsp;</p>\r\n<p>\r\n于是汉中就先打个电话。可是手机却完全没有半点讯号，一点也打不通。&nbsp;</p>\r\n<p>&nbsp;</p>\r\n<p>\r\n“怎么不通的？”&nbsp;</p>\r\n<p>&nbsp;</p>\r\n<p>\r\n“那一定是这里没有讯号啦，不如我带你去我家吧，好吗？&nbsp;反正你也不会认路回去的。”&nbsp;</p>\r\n<p>&nbsp;</p>\r\n<p>\r\n“那怎么好意思啊？”汉中不敢求助老奶奶。</p>\r\n<p>&nbsp;</p>\r\n<p>\r\n“我说行就行，我家就在附近，不会很远的，我带你去吧。“&nbsp;</p>\r\n<p>&nbsp;</p>\r\n<p>\r\n“那好吧，反正我什么都看不见。”&nbsp;</p>\r\n<p>&nbsp;</p>\r\n<p>\r\n“就是因为这样，我担心你会迷路。”&nbsp;</p>\r\n<p>&nbsp;</p>\r\n<p>\r\n”我们走吧。。“&nbsp;</p>\r\n<p>&nbsp;</p>\r\n<p>\r\n汉中马上就答应她的要求。由于担心再次受骗，就非常小心提防。汉中在几年前已经被骗过一次了，这次不想再有第二次。&nbsp;</p>\r\n<p>&nbsp;</p>\r\n<p>\r\n“婆婆，你真的没有骗我？”汉中也无法置信又问一次。&nbsp;</p>\r\n<p>&nbsp;</p>\r\n<p>\r\n“我已经七老八十了，为何要骗你啊？&nbsp;我家就要到了，我先通知我的孙子先。”&nbsp;</p>\r\n<p>&nbsp;</p>\r\n<p>\r\n那位老奶奶就把汉中带到屋内，其孙子正好在门口等她回来。看见她带了一个陌生男子回来，觉得很奇怪，连忙问到。&nbsp;</p>\r\n<p>&nbsp;</p>\r\n<p>\r\n“奶奶，你终于回来了啊？&nbsp;请问这位是谁啊？我们好像不认识哦。”&nbsp;</p>\r\n<p>&nbsp;</p>\r\n<p>\r\n“他是个盲人，我担心他迷路，所以就带他回来，对了，忘记问你叫什么名字。”&nbsp;</p>\r\n<p>&nbsp;</p>\r\n<p>\r\n“叫我阿中就行了。”&nbsp;</p>\r\n<p>&nbsp;</p>\r\n<p>\r\n“阿中，你真的看不到吗？”老奶奶似乎不相信他的话。&nbsp;</p>\r\n<p>&nbsp;</p>\r\n<p>\r\n“我说的都是事实。”&nbsp;</p>\r\n<p>&nbsp;</p>\r\n<p>\r\n“我相信你，我叫阿进。“阿进把他的奶奶介绍给汉中认识，他说：“这位是我的奶奶，你叫她奶奶就行了。”&nbsp;</p>\r\n<p>&nbsp;</p>\r\n<p>\r\n“乖孙，还不赶快带他进去！”&nbsp;</p>\r\n<p>&nbsp;</p>\r\n<p>\r\n“进来吧，小心，我扶着你。。”&nbsp;</p>\r\n<p>&nbsp;</p>\r\n<p>\r\n阿进就先带他进去了，他们的屋子有点狭窄，而且屋内又放了桌椅。其实这户人家的人并不多，只有四个人住在一起而已，另外两个分别是老奶奶的媳妇和儿子。他们在这里已经生活了很久，虽然家境贫苦，但是他们都过得很快乐。那位老奶奶的孙子连忙倒水招待汉中。其实他很好奇汉中到底是怎么失明的。汉中不肯透露其中的秘密。</p>\r\n<p>&nbsp;</p>\r\n<p>\r\n&nbsp;“我去倒杯水给你，你想喝什么水啊？”&nbsp;</p>\r\n<p>&nbsp;</p>\r\n<p>\r\n“随便吧。”&nbsp;</p>\r\n<p>&nbsp;</p>\r\n<p>\r\n汉中脑海没有任何意见。那位老奶奶就问了汉中很多问题让汉中不知如何回答。她也有告诉她关于她和家人的生活境况。&nbsp;</p>\r\n<p>&nbsp;</p>\r\n<p>\r\n“阿中啊，你知不知道这个村子可是很出名的，本来这里有很多人住的，最后因为外面社会发展的很快，所以他们全部都搬到外面的城市去住了。我不是很习惯少人的地区，可是没办法，我们家境并不是很富有，虽然我的儿子曾告诉我他要搬到外面的城市去住，因为上班交通比较方便，可是我一想到钱负担就很重，我不想我的儿子有很大的包袱。幸好我的孙子他乖巧听话，肯体谅我这个奶奶的感受。现在不知过得有多快乐。”老奶奶娓娓道来。</p>\r\n<p>&nbsp;</p>\r\n<p>\r\n&nbsp;“奶奶，你们一家人真的好温馨哦，我真的好羡慕哦。”汉中语气充满羡慕说。&nbsp;</p>\r\n<p>&nbsp;</p>\r\n<p>\r\n“你不是有家人吗？对了，请问你家在何处啊？”&nbsp;</p>\r\n<p>&nbsp;</p>\r\n<p>\r\n“在外面的城市，我住的是半独立洋房。”汉中老实说出真相。&nbsp;</p>\r\n<p>&nbsp;</p>\r\n<p>\r\n“那你不是很有钱，阿中。。”&nbsp;</p>\r\n<p>&nbsp;</p>\r\n<p>\r\n阿进突然在汉中的旁边冲口而出，让汉中吓了一跳，因为他根本不知道阿进早已在他旁边。&nbsp;</p>\r\n<p>&nbsp;</p>\r\n<p>\r\n“你几时在我身边的？”&nbsp;</p>\r\n<p>&nbsp;</p>\r\n<p>\r\n“算我多嘴问一句，你是不是很有钱啊？”&nbsp;</p>\r\n<p>&nbsp;</p>\r\n<p>\r\n阿进一问这个问题，他的婆婆连忙敲了几下他的头，因为他问了不该问的问题。&nbsp;</p>\r\n<p>&nbsp;</p>\r\n<p>\r\n“你怎么可以问他这个问题啊&nbsp;？&nbsp;那你不是多管闲事吗？”老奶奶很不好气的骂道。&nbsp;</p>\r\n<p>&nbsp;</p>\r\n<p>\r\n“其实还好啦，总算生活还过得去。”&nbsp;</p>\r\n<p>&nbsp;</p>\r\n<p>\r\n“那你家人呢？”&nbsp;</p>\r\n<p>&nbsp;</p>\r\n<p>\r\n“我没有家人。我只有一个哥哥而已。”&nbsp;</p>\r\n<p>&nbsp;</p>\r\n<p>\r\n“那你的父母已经不再了吗？”&nbsp;</p>\r\n<p>&nbsp;</p>\r\n<p>\r\n“他们在我小时候就去世了。。”&nbsp;</p>\r\n<p>&nbsp;</p>\r\n<p>\r\n“那你不是孤儿吗？”&nbsp;</p>\r\n<p>&nbsp;</p>\r\n<p>\r\n“够了，不要再问了，这些问题我们不该问的，阿中，真的不好意思，我的孙子就喜欢问些有的没的，希望你别介意，也别放在心上啊！”老奶奶连忙向汉中道歉。&nbsp;</p>\r\n<p>&nbsp;</p>\r\n<p>\r\n“不会的。。反正我没事的。”&nbsp;</p>\r\n<p>&nbsp;</p>\r\n<p>\r\n汉中突然想到要打个电话给家人，于是就叫阿进帮忙检查他的手机讯号。阿进还是很爱插手，好像要挖汉中的隐私。&nbsp;</p>\r\n<p>&nbsp;</p>\r\n<p>\r\n“阿进啊，你可不可以帮我看下现在我的手机有没有讯号，可以吗？　因为我要联络我的哥哥。”&nbsp;</p>\r\n<p>&nbsp;</p>\r\n<p>\r\n“好啊，放心吧，我现在就帮你看一下。”&nbsp;</p>\r\n<p>&nbsp;</p>\r\n<p>\r\n“你千万不要随便乱按里面的东西啊！”&nbsp;</p>\r\n<p>&nbsp;</p>\r\n<p>\r\n“我不会的。。”&nbsp;</p>\r\n<p>&nbsp;</p>\r\n<p>\r\n阿进看到汉中手机有他和玉君的甜蜜合照，于是就多此一举问了一下，最后发现这里并无讯号就要带汉中去有线的地方。&nbsp;</p>\r\n<p>&nbsp;</p>\r\n<p>\r\n“哇，你和你的女朋友好甜蜜哦，你们交往很久了啊？”阿进打趣问道。&nbsp;</p>\r\n<p>&nbsp;</p>\r\n<p>\r\n“这是我的私事轮不到你来插手，我想知道我的手机有没有讯号而已。”&nbsp;</p>\r\n<p>&nbsp;</p>\r\n<p>\r\n“这里没有，不如我带你去别的方向吧，奶奶，我先带阿中出去吧，我很快就会回来的。”&nbsp;</p>\r\n<p>&nbsp;</p>\r\n<p>\r\n“你小心看着他啊！”&nbsp;</p>\r\n<p>&nbsp;</p>\r\n<p>\r\n“知道了。”&nbsp;</p>\r\n<p>&nbsp;</p>\r\n<p>\r\n阿进连忙带汉中来到一个有讯号的方向，好让汉中能够联络上汉吉他们。阿进最后发现汉中的手机终于有讯号了，于是就告诉汉中事实。&nbsp;</p>\r\n<p>&nbsp;</p>\r\n<p>\r\n“阿中，这里有讯号了，你赶快联络你家人吧。”&nbsp;</p>\r\n<p>&nbsp;</p>\r\n<p>\r\n“哦。。”&nbsp;</p>\r\n<p>&nbsp;</p>\r\n<p>\r\n于是汉中连忙联络汉吉，汉吉的语气听起来很着急，汉中心里有数。知道自己的哥哥非常担心自己，于是就说出真相。&nbsp;</p>\r\n<p>&nbsp;</p>\r\n<p>\r\n“喂&nbsp;，大哥，是我啊。”&nbsp;</p>\r\n<p>&nbsp;</p>\r\n<p>\r\n“你终于打来了，你的手机刚才怎么一直打不通啊？担心死了。”&nbsp;</p>\r\n<p>&nbsp;</p>\r\n<p>\r\n“大哥，我现在没事，我现在是在一个很安全的地方。”&nbsp;</p>\r\n<p>&nbsp;</p>\r\n<p>\r\n“你到底是在哪里啊？”&nbsp;</p>\r\n<p>&nbsp;</p>\r\n<p>\r\n“一个叫平福村子的地方。”&nbsp;</p>\r\n<p>&nbsp;</p>\r\n<p>\r\n“平福村子，是什么地方啊？是在哪里啊？”&nbsp;</p>\r\n<p>&nbsp;</p>\r\n<p>\r\n“你问我，我更加不知道是什么地方。”汉吉完全没听过地方名字。&nbsp;</p>\r\n<p>&nbsp;</p>\r\n<p>\r\n“不如这样，我帮你问一问你的朋友吧，也许他们会知道呢，你一定要等我去接你的。明白吗？&nbsp;”&nbsp;</p>\r\n<p>&nbsp;</p>\r\n<p>\r\n“明白了。。你认为他们会知道吗？”&nbsp;</p>\r\n<p>&nbsp;</p>\r\n<p>\r\n“也许他们知道呢，就这样吧，有消息再通知你吧。”&nbsp;</p>\r\n<p>&nbsp;</p>\r\n<p>\r\n“喂！怎么那么快就盖电话啊？”&nbsp;</p>\r\n<p>&nbsp;</p>\r\n<p>\r\n没想到连汉吉也不清楚这个地方，真的很头疼。&nbsp;汉吉只好求助嘉乐，也就是汉中的高中朋友。汉中一听到这个坏消息却不知如何是好。阿进在旁安慰他，可是想尝试请求他的父亲送他回家，因为到这段时间阿进的父亲陈父应该快要回到家了。</p>\r\n<p>&nbsp;</p>\r\n<p>\r\n&nbsp;“阿中啊，怎么样啊？”&nbsp;</p>\r\n<p>&nbsp;</p>\r\n<p>\r\n“这次真的惨了，连我大哥都不知道这里是什么地方？要怎么找啊？”&nbsp;</p>\r\n<p>&nbsp;</p>\r\n<p>\r\n“你别这样，不如我尝试求我爸爸送你回家吧，怎么样啊？”阿进有个建议。&nbsp;</p>\r\n<p>&nbsp;</p>\r\n<p>\r\n“不行，我不会认路的，而且我又是个盲人，我要怎么看路啊？”汉中有所顾虑说。&nbsp;</p>\r\n<p>&nbsp;</p>\r\n<p>\r\n“这样也不行，难道你要留下来过夜吗？不如这样吧，现在我先带你回家吧，我想我父亲很快就会回来了，我们走吧。”&nbsp;</p>\r\n<p>&nbsp;</p>\r\n<p>\r\n“这样怎么好意思啊？”&nbsp;</p>\r\n<p>&nbsp;</p>\r\n<p>\r\n“没关系的。”&nbsp;</p>\r\n<p>&nbsp;</p>\r\n<p>\r\n阿进根本不会介意汉中继续逗留在他家，反正他认为他奶奶也不会反对的。另外，汉吉联络上嘉乐后，嘉乐也对汉中失踪的消息感到意外。嘉乐很清楚平福村庄是个怎么样的地方，这样汉吉心中又点燃起一线希望了。</p>\r\n<p>&nbsp;</p>\r\n<p>\r\n&nbsp;“真的？阿乐，你真的知道平福村子在哪里？”&nbsp;</p>\r\n<p>&nbsp;</p>\r\n<p>\r\n“我大概有点印象，因为我以前有去过那里，可是中仔怎么会在那里啊？”&nbsp;</p>\r\n<p>&nbsp;</p>\r\n<p>\r\n“总之一言难尽，你赶快带我去那里吧，我很担心我的弟弟啊！”&nbsp;</p>\r\n<p>&nbsp;</p>\r\n<p>\r\n“竟然你都已经知道他还活着，你还担心什么呢？”&nbsp;</p>\r\n<p>&nbsp;</p>\r\n<p>\r\n“我担心他是因为我怕他会被陌生人欺骗，怎么说他根本完全看不到嘛，谁会知道那个收留他的人是好人还是坏人啊？”&nbsp;</p>\r\n<p>&nbsp;</p>\r\n<p>\r\n“那好吧，我现在就带你去，那你现在是在那里呢？”&nbsp;</p>\r\n<p>&nbsp;</p>\r\n<p>\r\n“我现在就去你家，你现在在家是吗？”&nbsp;</p>\r\n<p>&nbsp;</p>\r\n<p>\r\n“是啊，我刚回到家，你要到了吗？”&nbsp;</p>\r\n<p>&nbsp;</p>\r\n<p>\r\n“差不多了。”&nbsp;</p>\r\n<p>&nbsp;</p>\r\n<p>\r\n“那待会见吧！”&nbsp;</p>\r\n<p>&nbsp;</p>\r\n<p>\r\n于是汉吉就先盖电话了，现在快要到晚上六点了，汉吉只想马上找到汉中接他回家，其他的事情通通抛到九霄云外去。到了嘉乐家，原来嘉乐一早就锁好铁门在外面等汉吉了。汉吉心急如焚，还叫嘉乐动作快一点。其女友玉君根本完全不知情，而且汉吉也不敢把这件事情告诉玉君。害怕玉君会无心工作。</p>\r\n<p>&nbsp;</p>\r\n<p>\r\n&nbsp;“怎么那么快啊？”&nbsp;</p>\r\n<p>&nbsp;</p>\r\n<p>\r\n“快点上车吧，还有你记得帮我认路啊！好让我可以马上找到中仔啊。”&nbsp;</p>\r\n<p>&nbsp;</p>\r\n<p>\r\n“知道了，现在马上出发吧。“&nbsp;</p>\r\n<p>&nbsp;</p>\r\n<p>\r\n于是他们现在就出发了。另外，汉中在陈奶奶的家等待他大哥接他回去，本来阿中的父亲要载他回家。最后汉中也拒绝了陈父的好意，陈父不明所以。&nbsp;</p>\r\n<p>&nbsp;</p>\r\n<p>\r\n“你真的不用我送你回家？“陈父又问。&nbsp;</p>\r\n<p>&nbsp;</p>\r\n<p>\r\n“伯父，我知道你的好意，可是我担心我最后会回不了家，而且我又完全看不到，我要在怎么让你送我回家呢？”汉中还是不敢担保。&nbsp;</p>\r\n<p>&nbsp;</p>\r\n<p>\r\n“年轻人，你告诉我你家的路牌不就行了吗？”&nbsp;</p>\r\n<p>&nbsp;</p>\r\n<p>\r\n“可是我。。。”&nbsp;</p>\r\n<p>&nbsp;</p>\r\n<p>\r\n汉中被问得无法回答陈父的问题，于是就只好停止问下去。汉中真的有口难言，一直被很多人问他是如何失明，汉中根本不想再提起这个问题。而且每次问到他不喜欢接触的话题，他就会马上变脸。他现在脾气暴躁且又很容易生气。很多人都怕到他。</p>\r\n<p>&nbsp;</p>\r\n<p>\r\n&nbsp;另外，汉吉终于找到平福村子了，幸得嘉乐带路他才能来到这个地方，汉吉终于可以放下心头大石了。&nbsp;</p>\r\n<p>&nbsp;</p>\r\n<p>\r\n“真的是在这里？”&nbsp;</p>\r\n<p>&nbsp;</p>\r\n<p>\r\n“那边不是有个路牌吗？你也不是像你弟弟看不到吧？”&nbsp;</p>\r\n<p>&nbsp;</p>\r\n<p>\r\n“到这个时候你还有心情开玩笑，不如我们赶快找吧。”&nbsp;</p>\r\n<p>&nbsp;</p>\r\n<p>\r\n“好啦，我先告诉你，里面有间屋子，你跟我走一定没错的。”&nbsp;</p>\r\n<p>&nbsp;</p>\r\n<p>\r\n汉吉极度辛苦才找到汉中，看见了那间屋子了，里面的路全是石头路，虽然已经过了二十几年却毫无发展。由于很难把车子驾进去，汉吉和嘉乐只好走路进去。他们连忙敲门问道。&nbsp;</p>\r\n<p>&nbsp;</p>\r\n<p>\r\n“一定是这一间了。”&nbsp;</p>\r\n<p>&nbsp;</p>\r\n<p>\r\n于是他们就走上前去。&nbsp;</p>\r\n<p>&nbsp;</p>\r\n<p>\r\n“喂，请问有人在吗？”&nbsp;</p>\r\n<p>&nbsp;</p>\r\n<p>\r\n阿进才刚听到有人在外面敲门，于是连忙开门看个究竟。他先把事情告诉陈父。&nbsp;</p>\r\n<p>&nbsp;</p>\r\n<p>\r\n“爸，外面好像有人在敲门哦！”&nbsp;</p>\r\n<p>&nbsp;</p>\r\n<p>\r\n“是吗？那你先去开门看一看吧！”&nbsp;</p>\r\n<p>&nbsp;</p>\r\n<p>\r\n“哦。。”&nbsp;</p>\r\n<p>&nbsp;</p>\r\n<p>\r\n阿进开门一看就看见一个青年和中年男子在外面站着，连忙问个究竟。&nbsp;</p>\r\n<p>&nbsp;</p>\r\n<p>\r\n“请问你们两位要找谁啊？”&nbsp;</p>\r\n<p>&nbsp;</p>\r\n<p>\r\n“我们要找一个叫汉中的男子，我是他亲生大哥，这位是他的高中朋友，他叫嘉乐。”&nbsp;</p>\r\n<p>&nbsp;</p>\r\n<p>\r\n“嗨，你好，叫我阿乐就行了，中仔是不是在里面啊？”&nbsp;</p>\r\n<p>&nbsp;</p>\r\n<p>\r\n“你们要找的一定是个叫阿中哥哥吧，他是个盲人对吧？”&nbsp;</p>\r\n<p>&nbsp;</p>\r\n<p>\r\n“是啊，我们要找的就是他了。”&nbsp;</p>\r\n<p>&nbsp;</p>\r\n<p>\r\n“那你们先进来坐吧。”&nbsp;</p>\r\n<p>&nbsp;</p>\r\n<p>\r\n“谢谢，阿乐，我们进去吧。。”&nbsp;</p>\r\n<p>&nbsp;</p>\r\n<p>\r\n阿进知道他们是汉中最亲的人，所以就连忙让他们进去了。又通知陈父。&nbsp;</p>\r\n<p>&nbsp;</p>\r\n<p>\r\n“爸爸，阿中的大哥和朋友来找他了。”&nbsp;</p>\r\n<p>&nbsp;</p>\r\n<p>\r\n“哦，是吗？&nbsp;快让他们进来吧。”&nbsp;</p>\r\n<p>&nbsp;</p>\r\n<p>\r\n阿进带汉吉和嘉乐来到汉中身边，看见汉中和陈奶奶聊得很开心，看见不仅替他看到安心，因为汉吉从来没看过汉中微笑过，也许是聊到那些开心的事情。&nbsp;</p>\r\n<p>&nbsp;</p>\r\n<p>\r\n“你们过来吧，阿中就在这里跟我奶奶聊天。”&nbsp;</p>\r\n<p>&nbsp;</p>\r\n<p>\r\n“你看他们聊得多开心，我们从来没看过他笑过，现在真的是难得一见。”&nbsp;</p>\r\n<p>&nbsp;</p>\r\n<p>\r\n“阿乐，你们这么说是什么意思啊？阿中他曾经有过什么痛苦的经历吗？”&nbsp;</p>\r\n<p>&nbsp;</p>\r\n<p>\r\n“你有所不知了，其实他心里并没有那么快乐，他为了掩饰他脆弱的一面，所以他只是表面上装坚强而已，你看不出他内心在想些什么。这些事情只有他自己知道而已。”&nbsp;</p>\r\n<p>&nbsp;</p>\r\n<p>\r\n“那他为什么要这么做啊？这样不是更加痛苦吗？”&nbsp;</p>\r\n<p>&nbsp;</p>\r\n<p>\r\n“这些我们不能在他面前提起，这样他会不开心的。”&nbsp;</p>\r\n<p>&nbsp;</p>\r\n<p>\r\n“是吗？对了，我们就别说那么多了，不如你们先跟阿中说一声吧。”&nbsp;</p>\r\n<p>&nbsp;</p>\r\n<p>\r\n“嗯。。”&nbsp;</p>\r\n<p>&nbsp;</p>\r\n<p>\r\n于是他们就走到奶奶和汉中的面前，阿进连忙介绍&nbsp;他们两个给奶奶认识。&nbsp;</p>\r\n<p>&nbsp;</p>\r\n<p>\r\n“奶奶，要找阿中的人已经来了，我来介绍，这位是阿中的朋友，他叫阿乐，另一位是他大哥。”&nbsp;</p>\r\n<p>&nbsp;</p>\r\n<p>\r\n“你们好。。”&nbsp;</p>\r\n<p>&nbsp;</p>\r\n<p>\r\n汉中知道他们已经来了，感到意外，其实汉中并没发觉他们的到来。&nbsp;</p>\r\n<p>&nbsp;</p>\r\n<p>\r\n“大哥，阿乐，你们什么时候来的？怎么不跟我说一声？”&nbsp;</p>\r\n<p>&nbsp;</p>\r\n<p>\r\n“小弟啊，现在我们不是已经站在你面前了吗？我们打算现在接你回家的。”&nbsp;</p>\r\n<p>&nbsp;</p>\r\n<p>\r\n“那你们怎么会找到这里来啊？”&nbsp;</p>\r\n<p>&nbsp;</p>\r\n<p>\r\n“多亏你的好朋友阿乐帮忙认路咯。要不然我也不会找到这里来。”&nbsp;</p>\r\n<p>&nbsp;</p>\r\n<p>\r\n“是啊，因为我知道地方在哪里嘛。”&nbsp;</p>\r\n<p>&nbsp;</p>\r\n<p>\r\n“你怎么会知道的？”&nbsp;</p>\r\n<p>&nbsp;</p>\r\n<p>\r\n“那我以前来过啊。。”&nbsp;</p>\r\n<p>&nbsp;</p>\r\n<p>\r\n“好了，竟然你们已经找到阿中了，现在你们真的可以回家好好团聚了。”&nbsp;</p>\r\n<p>&nbsp;</p>\r\n<p>\r\n“小弟，能够再见到你真的太好了。”汉吉紧紧抱着汉中不肯放手，这让汉中差点透不过气来。&nbsp;</p>\r\n<p>&nbsp;</p>\r\n<p>\r\n“大哥，你别这样啦，我快透不过气来了。”&nbsp;</p>\r\n<p>&nbsp;</p>\r\n<p>\r\n“那我们现在就回家了。”&nbsp;</p>\r\n<p>&nbsp;</p>\r\n<p>\r\n“别那么紧张。“&nbsp;</p>\r\n<p>&nbsp;</p>\r\n<p>\r\n陈奶奶来到他们面前要求他们留下来吃晚饭，因为阿进的母亲也刚好拿了几道菜肴从厨房中走出来。连忙挽留他们。这让汉中左右为难。&nbsp;</p>\r\n<p>&nbsp;</p>\r\n<p>\r\n“你们几个就留下来吃晚饭吧，反正饭菜都已经煮好了。”&nbsp;</p>\r\n<p>&nbsp;</p>\r\n<p>\r\n“是啊，你们就留下来，别急着回家，先吃饱再走吧。”&nbsp;</p>\r\n<p>&nbsp;</p>\r\n<p>\r\n“可是，这怎么好意思啊？你们肯让我留在这里我都已经很开心了，现在竟然要我们留下来似乎不太好吧？”&nbsp;</p>\r\n<p>&nbsp;</p>\r\n<p>\r\n“对啊，你们的好意我们心领了，你们帮我照顾我弟弟，我都来不及感谢你们呢！”&nbsp;</p>\r\n<p>&nbsp;</p>\r\n<p>\r\n“阿乐啊，那你怎么看啊？你出点声吧。”&nbsp;</p>\r\n<p>&nbsp;</p>\r\n<p>\r\n阿进看见嘉乐默不作声，于是就故意拖嘉乐下水。&nbsp;</p>\r\n<p>&nbsp;</p>\r\n<p>\r\n“啊。竟然这样吉哥啊。不如我们还是留下来吃饱再走吧，他们乐意要求我们，我们不可能就这样拒绝他们的好意吧？”&nbsp;</p>\r\n<p>&nbsp;</p>\r\n<p>\r\n“是啊，你们就别太客气了，留下来吃晚饭吧。”&nbsp;</p>\r\n<p>&nbsp;</p>\r\n<p>\r\n“那好吧，那我们就真的不客气了。”&nbsp;</p>\r\n<p>&nbsp;</p>\r\n<p>\r\n“你们可以过来了，我已经把全部的饭菜准备好了。”&nbsp;</p>\r\n<p>&nbsp;</p>\r\n<p>\r\n陈母已经准备好所有的饭菜了，嘉乐和汉吉不仅看傻了眼。汉中没听见任何人发出声音就觉得很奇怪。于是自己就先开口了。&nbsp;</p>\r\n<p>&nbsp;</p>\r\n<p>\r\n“你们怎么不出声啊？”&nbsp;</p>\r\n<p>&nbsp;</p>\r\n<p>\r\n“阿中，我扶你，你坐这里吧。”&nbsp;</p>\r\n<p>&nbsp;</p>\r\n<p>\r\n“请问我是跟谁坐在一起啊？”&nbsp;</p>\r\n<p>&nbsp;</p>\r\n<p>\r\n“小弟，你当然是跟我们一起坐啦。”&nbsp;</p>\r\n<p>&nbsp;</p>\r\n<p>\r\n“那刚才怎么不出声啊？”&nbsp;</p>\r\n<p>&nbsp;</p>\r\n<p>\r\n“哦，因为我们看桌上的那些菜看起来很美味啊，所以就看得口水直流咯。”&nbsp;</p>\r\n<p>&nbsp;</p>\r\n<p>\r\n“阿乐，你真的有够无聊的。别开什么玩笑啦。”&nbsp;</p>\r\n<p>&nbsp;</p>\r\n<p>\r\n“阿乐，你真的有够风趣地，我很喜欢。”&nbsp;</p>\r\n<p>&nbsp;</p>\r\n<p>\r\n“阿进，快点扶奶奶过来坐吧，别多管闲事。”&nbsp;</p>\r\n<p>&nbsp;</p>\r\n<p>\r\n“哦。。”&nbsp;</p>\r\n<p>&nbsp;</p>\r\n<p>\r\n阿进先扶奶奶坐在陈父的旁边，他奶奶就坐在汉中的旁边，陈母就跟阿进，也就是自己的儿子坐在一起，于是他们就马上开饭了。&nbsp;</p>\r\n<p>&nbsp;</p>\r\n<p>\r\n“奶奶，不如你坐在阿中的旁边吧。。”&nbsp;</p>\r\n<p>&nbsp;</p>\r\n<p>\r\n“阿进，你让你奶奶坐我旁边？”&nbsp;</p>\r\n<p>&nbsp;</p>\r\n<p>\r\n“怎么？阿中，你有问题吗？“&nbsp;</p>\r\n<p>&nbsp;</p>\r\n<p>\r\n“没有。。”&nbsp;</p>\r\n<p>&nbsp;</p>\r\n<p>\r\n“没有就好，那我们可以开饭了。怎么今天的菜那么丰盛啊？“&nbsp;</p>\r\n<p>&nbsp;</p>\r\n<p>\r\n“妈妈，刚才我不是有去菜市场买了很多菜回来啊？“&nbsp;</p>\r\n<p>&nbsp;</p>\r\n<p>\r\n“是啊，这些菜我们都是特地为你准备的，你不喜欢吗？“&nbsp;</p>\r\n<p>&nbsp;</p>\r\n<p>\r\n“喜欢，难得可以跟阿中的朋友很大哥一起吃饭，多人才热闹嘛。“&nbsp;</p>\r\n<p>&nbsp;</p>\r\n<p>\r\n“是啊，我在家里从来没有跟那么多人一起吃饭，现在终于发觉到那种热闹的气氛又回来了，我真的很怀念以前的感觉。”&nbsp;</p>\r\n<p>&nbsp;</p>\r\n<p>\r\n听见汉中这么一说，汉吉心里更加难受，以前可以跟父母一起吃饭，现在却只有两兄弟，家里就变得更加宁静了，没有半点笑声。汉吉白天要帮忙看店，要到晚上七点才回家，留下汉中孤零零一个人在家，那汉中不是更加寂寞吗？？汉中其实可以照顾自己。只是担心他一个人会胡思乱想，虽然眼前是一片黑暗，其实他的内心并没有失明，他很清楚谁对他好，谁会忽略了他的感受。</p>\r\n<p>&nbsp;</p>\r\n<p>\r\n&nbsp;“小弟，你怎么一开口就说些不好听的话啊？现在不要再他们面前提起比较好，各位，真的不好意思啊。”&nbsp;</p>\r\n<p>&nbsp;</p>\r\n<p>\r\n“没关系，阿中，吃点菜吧，乖孙，帮我夹些菜和肉给阿中他们吃吧。”&nbsp;</p>\r\n<p>&nbsp;</p>\r\n<p>\r\n“哦，中哥，阿乐，你们一定要吃多点啊，不用那么客气的。”&nbsp;</p>\r\n<p>&nbsp;</p>\r\n<p>\r\n“我们自己来就行了。谢谢啊，我帮阿中夹菜就行了。”&nbsp;</p>\r\n<p>&nbsp;</p>\r\n<p>\r\n“真的很对不起，我不应该在你们面前提起些不开心的事情，希望你们可以谅解。”&nbsp;</p>\r\n<p>&nbsp;</p>\r\n<p>\r\n“阿中啊，我们并没有生气，竟然我们都请你吃这一餐了，那你一定要吃完全部的菜哦，别辜负了我老婆的心思哦。”&nbsp;</p>\r\n<p>&nbsp;</p>\r\n<p>\r\n“老公啊，你怎么说这些话啊？我肚子快要饿扁了，可以吃饭了吗？”&nbsp;</p>\r\n<p>&nbsp;</p>\r\n<p>\r\n“当然可以，吃吧，我们就别多说了，我们吃得开心一点哦。”&nbsp;</p>\r\n<p>&nbsp;</p>\r\n<p>\r\n热闹的气氛不断的在蔓延，不开心的事情早已抛在脑后了。&nbsp;</p>', 0, '', '0000-00-00'),
(33, 41, '制度资本', 1, '<p>美国耶鲁大学经济学教授陈志武去年在国内出了本杂文集，被《新京报》评为2008&nbsp;年十本好书之一。书名叫《为什么中国人勤劳而不富有》，&nbsp;是由他过去若干年在国内报刊上发表的文章结集而成。这些文章大多是从制度经济学的角度讨论中国经济现象，其中使用了制度资本和制度成本的概念。按他的解释，“制度经济学判断制度机制优劣的最重要标准，是看它们是否有利于市场交易的发生与深化。如果一国的制度有利于交易市场的容量最大化、有利于经济的深化，那么我们就说该国具有高的制度资本。不利于市场交易的制度，则使交易的成本变高，这种成本通常被称为‘制度成本’。</p>\r\n<p>当然，制度成本不仅仅指在市场交易发生过程中实际要支付的成本，也包括由于制度障碍而根本无法进行或选择放弃的市场交易所带来的机会成本，这种机会成本包括‘本来可深化的市场’因制度障碍而只能半途而废的情况，以及市场勉强得到发展的情况。”陈教授进一步指出：“制度经济学的核心命题是产权保护和合约执行是经济深化发展的必要前提。如果没有可靠的产权与合约权益保护制度，人们就无法预期从事市场交易、从事投资的结果，也不知道从交易、投资中获得的利益能否属于自己。而经营、交易结果的不确定性将迫使人们停止交易、不愿作出投资，即使他们想进行市场交易，交易成本也可能高得令人望而却步。于是市场发展会停滞不前，经济增长无法持续。”以此考察中国，陈教授得出了中国经济制度大有进一步改革的必要的结论。</p>\r\n<p>&nbsp;</p>\r\n<p>\r\n我不敢妄称懂得制度经济学，但一般的概念和逻辑还是读过些东西的。陈教授是从宏观角度看一个国家，我想也可以从微观角度用同样的道理去看一个产业和一个企业。互联网产业和国内其他产业相比，在制度层面上有什么性质上的差别？如果有，这些差别在增加互联网业的制度资本或减少制度成本上起了什么作用？更具体地问，那些比较成功的互联网企业和那些不怎么成功甚至失败的企业相比，在基本公司制度上的根本差别在哪里？就我十几年的观察和实践，至少以下几点是值得思考的。</p>\r\n<p>&nbsp;</p>\r\n<p>\r\n1.&nbsp;互联网企业普遍实行了与国内其他行业不同的现代高科技企业制度。</p>\r\n<p>&nbsp;</p>\r\n<p>\r\n说来好像是因祸得福。因为国内的公司法和证券法没有设计外资进入后的退出机制，而新创业的网络公司无法得到国内的风险投资和银行贷款（至少早期如此），所以，所有得到外国风险投资的网络公司不得不采用国际通行的公司制度，在海外注册，再通过错综复杂的合法机制安排，从而可以既在国内经营，又可海外上市，风险投资在理论上有了退出机制。多数创业者对这套外来货并不熟悉（其实对国内那套东西和东西以外的东西也未必熟悉），又是洋文，又是律师、审计师，过程漫长，昂贵而麻烦。但看在钱的份上，大家咬牙接受了。十几年的摸爬滚打下来，互联网业竟形成了国内其他行业所没有的行规，积累了别人所没有的制度资本。很多其他行业不好办或办不了的事情，互联网业七混八混地也就办了。现在想起来，国内大众知道风险投资、海外上市、期权等概念，CEO&nbsp;等这个O&nbsp;那个O&nbsp;的称呼，还都是拜互联网所赐呢。</p>\r\n<p>&nbsp;</p>\r\n<p>2.&nbsp;这种制度突出承认和保护了无形资产的价值和作用。</p>\r\n<p>&nbsp;</p>\r\n<p>\r\n互联网业采用这套制度，当然不全是为风险投资的退出着想，随之而来的还有一系列的理念、方法和机制。国内公司法在相当长时期不承认或限制承认无形资产作为创业投入（现在好像限制在注册资本的30%吧），而国际流行的制度普遍承认知识产权、创意、技术、knowhow、经验、业绩等无形资产可以折算为创业投入。至于值多少钱，占多少股，那是公司股东之间谈判的事，没有上限。通常第一轮投资占公司股份的15%～30%之间，你想让风险投资商当大股东人家还不干呢。如果节奏掌握得好，少融几轮资，就是公司上市了，创业者还可能是公司的绝对大股东或相对大股东。看看网易和盛大，就是网络创业成功，而创业者股权稀释不多的范例。</p>\r\n<p>&nbsp;</p>\r\n<p>\r\n3.&nbsp;这种制度突出承认和保护了企业未来成长和获利的能力的价值。</p>\r\n<p>&nbsp;</p>\r\n<p>\r\n投资者给网络公司估值，无论是按PE（市盈率）还是按PR（每股价格与收入比值），或者按其他什么专门的计算方法，一般都远高于对传统产业的估值。其中的道理无非是因为网络是新兴行业，门槛比较高，空白领域比较多，发展比较快，变化比较多，使得人们的想象空间比较大。否则按传统办法估算，一个PPT，几万行代码，几台电脑服务器，若干办公家具，加上看不见摸不着的用户数，能给多少钱呢？</p>\r\n<p>&nbsp;</p>\r\n<p>\r\n4.&nbsp;这种制度突出承认和保护了员工在企业未来成长中的价值和作用。</p>\r\n<p>&nbsp;</p>\r\n<p>\r\n在外人看来，最刺激最富有诱惑力的莫过于互联网业普遍实行的员工股权期权激励制度了。挣不挣得到真金白银另说，至少给人一个梦总是好的。既然投资者承认创业者的无形资产的价值，那么他们也就应该共同承认其他员工的无形资产在公司成长中的价值。创业者、投资者和员工理论上利益数量不同，但利益方向和实现方式一致，这就极大地调动了员工的工作主动性和创新精神。比起传统的奖金制度，期权制既节省了公司的资金，又给了大家一个无限的发财梦，真是个好主意。</p>\r\n<p>&nbsp;</p>\r\n<p>\r\n5.&nbsp;这种制度确认了创始人、投资者和经营者在企业中的地位和作用，确认了董事会、经营团队和员工的责任和分工，也就确认了企业的决策机制、执行机制和监督机制。</p>\r\n<p>&nbsp;</p>\r\n<p>\r\n与传统制度下大股东、资本方强势垄断一切相比，这种制度加强了CEO&nbsp;和经营团队在公司战略制定和执行中的角色和地位，使利益各方的作用相对平衡，能够各自发挥所长。</p>\r\n<p>&nbsp;</p>\r\n<p>\r\n这种制度的特色还有一些，但我印象深刻的主要就是以上五条。综合起来看，它回避和克服了国内现有企业制度的部分弊病，突出了无形资产在网络企业中的核心地位和作用，将企业参与者各方的权利、责任和相互监督机制都以法律的形式明确固定下来，这就使得公司内部各方利益的交易成本大大下降，不必先是语焉不详，然后是无休止地博弈内斗，提高了合约权益实现的可能性。大家都有各自明确有限可靠的权益和实现机制，剩下的就是如何通过长期艰苦的劳动去把它们实现了。</p>\r\n<p>&nbsp;</p>\r\n<p>\r\n虽然业内大家都承认和采用了这种制度，但在公司成长过程中对待它的态度、执行程度和坚持性是不一样的。真正优秀的公司通过十年左右的努力，已经把公司制度和公司文化紧密联系在一起，成为血肉相连的公司基石，并在成长中不断加以完善。曾经优秀过但近年表现一般不佳的公司，故事可以不同，但说到底都是违背了公司基本制度，回归传统了。还有大量的未能起飞或者起飞了却飞得歪歪斜斜，弄不好又坠落了的公司，相当一部分都是在执行公司基本制度上阳奉阴违，缩水掺假，似做非做，形似而神不似，因此导致人才流失，士气不振，外战外行，内战内行，缺乏创新和执行力不强。至于那些其他产业中试图转战网络的资本和人物，十个有九个对互联网业的基本制度不熟悉，不承认，不接受，或者只是接过旗帜，实际上还是搞传统的那一套。本来就不懂网络，又是后来者，再缺乏制度资本，无法吸引一流人才，无论资本如何雄厚，其他资源如何丰富，来头如何显赫，实战结果无一例外的只有失败。</p>\r\n<p>&nbsp;</p>\r\n<p>\r\n所以，在我心目中，互联网业游戏规则的第一条就是：接受并坚定不移持之以恒地实行现代高科技企业制度。</p>', 0, '', '0000-00-00'),
(34, 41, '人力资本', 2, '<p>制度资本虽然很重要，但它毕竟是隐性的，不能放到公司资产和股权结构中去登记。能够被法律直接承认和保护的是公司的有形资产（物质资产，例如资金、设备、产品等）和无形资产（例如知识产权和人）。个人可以成为公司的资产，是因为人身带有所谓人力资本。所以我们常见的网络公司股权结构往往表现为投资法人若干，投资多少，占多少股权；自然人若干，占多少股权。网络公司在初创期，股权结构基本上都是以自然人为代表的人力资本占大头，以风险投资公司为代表的货币资本占小头。这和其他传统产业的股权结构正好相反——传统产业一般都是实物出资（土地，厂房，设备，材料，资金，等等），即使有一点人力资本的股权，通常也就是几个百分点的比例。</p>\r\n<p>&nbsp;</p>\r\n<p>\r\n人力资本一般指的是人们所具有的智力、体力、知识、能力、经验和业绩。这个概念已经流行40&nbsp;多年了，在美国资本市场和高科技行业被普遍接受，但在中国无论是在理论层面还是实践层面都还是近年才逐渐开始被重视。北大经济学教授周其仁写过一篇很精彩的文章，叫做《人力资本的产权特征》。在他看来，人力资本从产权的角度看具有三大特征：“第一，人力资本天然归属个人；第二，人力资本的产权权利一旦受损，其资产可以立刻贬值或荡然无存；第三，人力资本总是自发地寻求实现自我的市场。”&nbsp;周教授进一步说明道：“人力资本是‘主动资产’，天然属于个人，并且只能由其天然的所有人控制着这种资产的启动、开发和利用。因此，当人力资本产权束的一部分（或全部）被限制或删除时，产权的主人可以将相应的人力资本‘关闭’起来，以至于这种资产似乎从来就不存在。”“更特别的是，这部分被限制和删除的人力资本的产权，根本无法被集中到其他主体的手里而作同样的开发利用。一块被没收的土地，可以立即转移到新主人手里而保持同样的面积和土壤肥力。一座厂房和一堆设备，也可以没收后投入另一个生产过程而保持同样的价值和效率。一堆‘没有臭味’的货币，谁用都值那么多钱。但是一个被‘没收’的人，即便交到奴隶主手里，他还是可能不听使唤、‘又懒又笨’，甚至如张五常教授所说，宁死不从。换言之，人力资本是一种可能因为‘产权残缺’而立即自动贬值的特别资产。人力资本及其所有者用来反制产权残缺和残缺产权的转移的基本机制，就是‘主动’使这种资产的经济利用价值一落千丈，甚至瞬时为零。”“人力资本这个东西还有一个特性，就是千方百计会找机会实现自身的价值。我们不是看到过，寒冬腊月在公家地里睡觉的‘懒虫’，一回到他的自留地里，居然会干得满头大汗吗？”</p>\r\n<p>&nbsp;</p>\r\n<p>\r\n既然人力资本这么重要，又这么难缠，应该用什么办法最大限度地把它的潜力发挥出来，使企业走向成功呢？周其仁在他另一篇文章《刮目相看人力资本》中，讨论了可能的三种方法。“一种就是强迫。这通常对简单劳动起作用，但对复杂劳动不能够持久。因为谁来强迫强迫者呢？”“第二种是靠热情，类似于宗教的、意识形态的、信仰的东西。它的作用有，但不够普遍。因为不是所有人都相信这套东西，也不能持久。”“调动人力资本更重要、更普遍、更持久的办法应该是交换。要让人的资源充分调动起来。企业也好，社会也好，国家也好，你总要跟他换东西，而这种交换跟任何交换一样，都要遵循市场的法则。”</p>\r\n<p>&nbsp;</p>\r\n<p>互联网业普遍实行的现代高科技企业制度是我们目前所能看到的最能调动人力资本的交换制度。既然人力资本是主动资本，人是人力资本的载体，那就让具有人力资本的人当公司创始人，当大股东好了。公司成了，大家都发财；公司死了，大家玉石俱焚。既然除创始人以外的员工也都具有数量不等的人力资本，那就让他们也拿上数量不等的期权。公司成了，大家都高兴；公司死了，大家都白干。所以，和其他产业相比，网络从业人士的工作热情最高，干劲最大，创新最多，持续性最长，成功的故事最动听，成功的创业者和投资者的金钱回报也最可观。</p>\r\n<p>&nbsp;</p>\r\n<p>\r\n当然，这套制度也有它的挑战性。</p>\r\n<p>&nbsp;</p>\r\n<p>一、人力资本的价值如何确定</p>\r\n<p>&nbsp;</p>\r\n<p>谁知道哪个人、哪个团队、哪个公司的人力资本最雄厚，成功的可能性最大？人力资本是无形的，是弹性的，和有形的物质资产比，很难把握，很难捉摸，很难定价。谁都知道投资以人力资本为主的创业公司风险大，这风险就在于人力资本与货币资本的对价和博弈。所以，干这行的叫风险基金和风险投资家，越有风险越投资，赌的就是成功率。</p>\r\n<p>&nbsp;</p>\r\n<p>\r\n二、人力资本的风险如何控制</p>\r\n<p>&nbsp;</p>\r\n<p>\r\n投资虽然投的是能够创造财富的人力资本，但人力资本都具体体现在个人身上，而一个人身上不是所有品质、能力和经验都能创造财富，也会有些不好的品质、不足的能力和不多的经验，这些是负人力资本。如何建立和有效实施一整套决策、管理和监督机制，搭配一个优良团队，激励好的人力资本的发挥，抑制坏的人力资本的破坏，是一个公司成功与否的重大挑战。</p>\r\n<p>&nbsp;</p>\r\n<p>\r\n三、人力资本的周期性如何调配</p>\r\n<p>&nbsp;</p>\r\n<p>\r\n一个公司经过长时间奋斗，如果成功了，上市了，那是一个皆大欢喜的局面，风险投资可以拿着丰厚回报退出，创始人成了亿万富翁，创业团队也可以兑现期权股权。然后呢？公司接下去怎么办？再来一轮人力资本投资？公司市价已经很高了，新的股权期权给便宜了公司受不了，给贵了员工受不了，这成了上一轮靠自身人力资本起家的创业者的难题。对这个难题解答的好坏，往往决定着一个初步成功的网络公司能否走向成熟期。我们已经看到一些曾经成功的公司或者现状平平，或者正在走向衰落，很大的一个原因就是人力资本消耗了，散失了，匮乏了。人心散了，队伍不好带了。所以，我们近年看到一些新的尝试，目的都是为了人力资本的保值增值。例如，一些上市网络公司不再给新员工期权而是有限制条件的股权；例如，谷歌花4&nbsp;亿多美元给期权未到期，但期权价格已经与股票价格倒挂的员工补偿；再例如，搜狐最近分拆上市。也许别人对搜狐分拆有不同的解释，但在我看来，解决那些没赶上上一拨发财机会，但对目前搜狐经营贡献巨大的做网络游戏的核心团队的人力资本兑现问题是最能说服人的理由。</p>\r\n<p>&nbsp;</p>\r\n<p>\r\n总之，尽管对互联网业实行的这一套制度批评不少，其中的挑战和风险也很多，但是，两利相衡取其重，两害相衡取其轻。用这套的有成功机会，不用这套的没有成功机会，这是互联网业历史已经证明的了。</p>\r\n<p>&nbsp;</p>\r\n<p>\r\n所以，在我心目中，互联网业游戏规则的第二条就是：人力资本是网络公司的核心资产，最大限度地调动和利用人力资本是网络公司成功的关键。</p>', 0, '', '0000-00-00');
INSERT INTO `bookcontents` (`id`, `booksId`, `contentName`, `contentNum`, `contents`, `bookContentCheckup`, `draft`, `lastUpdate`) VALUES
(35, 41, '社会资本', 3, '<p>社会资本现在是个比较火，但还没有公认定义的概念。它大概是指宏观上的占据合适的位置以充分利用社会结构、环境和制度给人们带来的公共资源，以及微观上占据公司与公司之间的产业关系，或者人与人之间的社会关系间的有利位置，通过沟通、合作和信任给人们带来的交换便利和资源共享。如果我们不去深究概念而是借用概念说明问题的话，互联网创业在利用社会资本方面至少有三点值得注意。</p>\r\n<p>&nbsp;</p>\r\n<p>\r\n一、在什么地方创业</p>\r\n<p>&nbsp;</p>\r\n<p>\r\n到目前为止，绝大多数比较知名的网络公司都在北京、上海和广东，上市的公司除阿里巴巴以外也都在这三个地方。道理显而易见，开放程度高，人才聚集多，资本、信息、资源多，基础设施和管理各方面上轨道。</p>\r\n<p>&nbsp;</p>\r\n<p>\r\n这种共享的公共的社会资本减少了公司创业期的痛苦和成本，增加了公司的成功率。三地的文化特点也潜移默化地影响着网络公司的风格，例如北京的大视野，上海的执行力，广东的实干精神。三地之外不是不能干网络，但成功率低得多，而且主要的机会在地区性的、和传统产业结合的、产业链低端的网络简单应用。</p>\r\n<p>&nbsp;</p>\r\n<p>\r\n不仅在中国如此，硅谷之所以能够成为世界IT&nbsp;业和互联网业之都，是和那块地方多年积累的雄厚社会资本分不开的。它占据了产业上游，其他地方只好屈居中下游。这不是哪个公司或哪个人的问题，是社会资本积累历史的必然结果。同样道理，如果谁想在中国互联网上游和主流中找机会，闯天下，那最好扎根在北京、上海或者广东，在其他地方尝试，用人力资本或货币资本去弥补社会资本的不足，那绝对是得不偿失的。</p>\r\n<p>&nbsp;</p>\r\n<p>\r\n其实就是在北京，社会资本也不是平均分布的。北京的网络公司主要集中在西北角的北四环一带，东三环一带也有一些公司，其他地方就是散兵游勇了。以我个人的体会，西北角的公司更像是做网络的，东边的更像是做公司的。无论是招聘人才（特别是技术人才），参加聚会，还是同业交流，资源交易，西边的成本远低于东边。这也不是哪个公司聪明或笨拙造成的，是环境使然。北京西北角的大学区加高科技创新区的大氛围决定了这里的网络公司更像网络公司，在一定的社会资本支持下，成功的成本更小些，机会更大些。</p>\r\n<p>&nbsp;</p>\r\n<p>\r\n二、选择什么方面创业</p>\r\n<p>&nbsp;</p>\r\n<p>\r\n从尽可能充分利用社会资本的角度观察，成功的公司创业的切入角度有三个共同点：（1）做社会能够接受至少能够容忍的主流应用和服务，理论上是全体或大多数用户会经常用到的东西，例如新闻、搜索、邮箱、即时通信、商务等等；（2）敢为天下先，集万般宠爱于一身。这些公司在既定领域出发比较早，不是独发或先发，也是先发之一，留下充分的时间去犯错误，积累经验，创出品牌，完善产品和服务；（3）做别人不想做、不会做、不能做的东西，不和既得利益者打擂台，争生死，最多局部竞争，绝不和垄断寡头全面竞争。</p>\r\n<p>&nbsp;</p>\r\n<p>\r\n例如游戏，相对成功的网络企业比较多，这是因为游戏间的差异性比较大，每款游戏都和其他游戏不一样，所以先发后发无所谓，只要是好东西就有市场。而且过去并不存在一个规模比较大、垄断性比较强的游戏市场，游戏公司是在创造市场，而不是在成熟市场上抢别人的地盘。例如新闻，在现有社会条件下空间有限，大家做的东西同质性很高，所以只能靠其他服务号召群众。再例如视频，是一个高度垄断、高度敏感的市场，根本不可能公平竞争。加上现有环境下出不了什么好东西，社会对知识产权的保护也日益加强，选择干这行真是累人啊。我始终弄不懂为什么有人有钱投入专干网络视频，无论YouTube&nbsp;模式还是Hulu&nbsp;模式在中国完全没有现实可行性，又没有什么技术含量，何必去送死？整天琢磨如何在灰色地带找出路，担惊受怕。一旦没人管，大家就蜂拥而上，一旦雷来了，大家又去陪笑脸，跑关系。这是做网络吗？</p>\r\n<p>&nbsp;</p>\r\n<p>\r\n三、定位在产业链的什么地方</p>\r\n<p>&nbsp;</p>\r\n<p>\r\n有人说我好大喜功，一味鼓吹做平台，做创新，做大产品。其实这是误解。东西无论大小，关键在所处产业链、价值链的位置。谁都知道创业初期，经验、能力、资源都不足，肯定不可能一上手就做出什么惊世骇俗的东西出来。但是，以此为借口，什么简单做什么，什么热门抄什么，肯定也不会有前途。如果定位在产业链上游，东西开始可以做得很小，做得很不好，但随着时间和经验的积累，东西会逐渐好起来。因为处于上游，用的人多，带动中下游的应用和服务多，在虚拟世界里的社会资本大，先慢后快、先苦后甜的机会是有的。相反，如果定位在产业下游，东西可能做得很精致，很漂亮，但张力有限，给人家拾遗补缺，在虚拟世界里没什么社会资本，先快后慢、先甜后苦的机会很大。君不见，淘宝自己什么都不卖，却撑起来中国第一电子商务平台；腾讯一个小QQ，却撑起来年产值数十亿美元的中国第一网络帝国；谷歌只做搜索，却让全球的网络公司给它打工；Facebook&nbsp;自己没什么应用，却有十几万人在拼命给它提供应用，成为应用最丰富的世界第一网络生活平台。</p>\r\n<p>&nbsp;</p>\r\n<p>\r\n当然，不是认识到定位重要性就可以定位在产业链上游。除了认识以外，还需要人力资本和货币资本的支持。如果是新手，也没什么资源，随便做点什么都好，现在可以给开发平台做应用，或者和传统产业结合做服务。但一定要有自知之明，别把梦做大了，做野了。这样做不会成为互联网业的主流，最多是个过得去的生意而已。</p>\r\n<p>&nbsp;</p>\r\n<p>\r\n所以，在我看来，互联网业游戏规则的第三条就是：上游定位，创新定位，前瞻定位，最大限度地利用社会资本。</p>', 0, '', '0000-00-00'),
(36, 41, '货币资本', 4, '<p>想做一个公司，先要数数自己的本钱。就网络公司来说，这本钱应该等于制度资本+人力资本+社会资本+货币资本。但是，前三种资本虽然很重要，但毕竟只是势，而后一种资本才是力。力可以借势，势可以助力，但没有力，势就没了形，作用无从体现。有多少人拥有或者自认为拥有这样那样的无形资产，却由于没有钱的支持而壮志未酬。经常听些年轻人抱怨，自己有多么伟大的创意，多么伟大的能力，多么伟大的产品，但就是没人识货，结果始终不能起飞。人人都承认，金钱不是万能的，但没有金钱是万万不能的。</p>\r\n<p>&nbsp;</p>\r\n<p>\r\n但是，有了钱就一定能成功吗？不一定，很不一定。从网络风险投资的成功率看，大致在10%～20%之间，也就是说，投资十家公司成功（高回报退出）的也就一到两家。剩下那80%～90%拿到钱却没有成功的公司出什么问题了？</p>\r\n<p>&nbsp;</p>\r\n<p>\r\n从十几年网络发展历程看，大概问题出在这样几个方面。</p>\r\n<p>&nbsp;</p>\r\n<p>\r\n一、赶时髦，赶热潮</p>\r\n<p>&nbsp;</p>\r\n<p>\r\n这十几年来，风险投资基本是按主题赶浪潮投资的。从早期的门户、电子商务，到中期的无线增值、游戏，再到这几年的视频、SNS。总之是美国什么火了，中国就投什么；一个公司火了，马上就投一堆。这也很难怪VC&nbsp;们，他们不是做网络的，很难判断互联网业发展的内在规律，只好找参照物。而所谓参照物无非两类，一类是当红的公司，一类是其他VC投资的走向。按说做网络的应该有想法，有创新，但事实证明绝大多数做网络的也不比投资家们更内行些，也是傻子过年看隔壁，什么火跟什么，什么容易拿到钱抄什么。结果当然是成功率的大幅降低。</p>\r\n<p>&nbsp;</p>\r\n<p>\r\n二、喧宾夺主，资本家成了企业家</p>\r\n<p>&nbsp;</p>\r\n<p>\r\n尤有甚者，一些投资者不甘于位，主动甚至强行充当公司决策者和操作者的角色，这也算中国互联网业一大特色。经常见到一些投资人，张口就说“我不懂网络”，没等你夸他谦虚，他就会接着说：“但是……”然后预算要他说了算，招人要他说了算，产品要他说了算，管理要他说了算，进度要他说了算。这哪里是不懂网络，分明是全才啊。于是，资本的逻辑取代了互联网的规律，损益表的算法取代了企业经营的道理，一方股东的利益取代了全体股东的权益。都说中国企业界一大特色是大股东侵犯小股东利益，在网络界，投资方即使是小股东也常侵犯大股东或其他股东的权利。这样的公司能做成才是怪事。现代企业机制一大特征就是所有权与经营权分离，而以硅谷为代表的高科技企业机制更是弱化了传统董事会的角色。西方的真经被东方的和尚念歪了，不管这些和尚是说中文的还是说洋文的。</p>\r\n<p>&nbsp;</p>\r\n<p>\r\n话又说回来，很多VC&nbsp;不得不介入公司运营也有其苦衷。中国的市场经济环境不成熟，大部分互联网创业者没有市场经济的基本概念和经营管理经验，又不肯放权给职业经理人（或者职业经理人也不够职业），为了避免投资失败，只好放下身段弄脏手。但是，虽然是不得已而为之，那也不能证明角色错乱可以成功，只能证明投资的轻率。财大者难免气粗，但要粗得有章法，粗对地方。</p>\r\n<p>&nbsp;</p>\r\n<p>\r\n三、市场大于产品，后继乏力</p>\r\n<p>&nbsp;</p>\r\n<p>\r\n正是由于投资赶浪潮，追热点，所以同一拨同一类被投资的公司竞争起来异常艰苦激烈。正是由于外行领导内行（或者就没有内行），所以互联网业现在市场派的声音远大过产品派。我曾多次被人审问过是哪一派的，我只能老老实实地说是产品派。纵观网络历史，凡是成功的公司都有好产品，无论在做好产品的磨难中道路多么曲折，压力多么巨大；凡是不成功的公司产品都不够好，无论其市场投入有多大，招数有多多。我当然同意在做好产品的基础上大做市场，但前提是必须有了好产品。大约是从2003—2004&nbsp;年开始，互联网业开始由卖方市场向买方市场转变，但我们一些同仁的思路还是停留在幸福的20&nbsp;世纪90&nbsp;年代，东西做得好坏不重要，因为市场贫乏，没有好东西，只要争了第一，总能找到出路。所以，做不出好东西（甚至就没想做出好东西），就想吹出个好东西，以为中国还是过去那个钱多人傻的社会。结果，大量资金和力气都浪费在所谓市场推广上，最后也做不成个局面。任何公司做不出好东西，却寄希望于单纯的市场伎俩，无异于把投资当伟哥吃了。其实一个不好的东西放大一万倍还是成不了好东西，与其把宝贵的资本浪费在不切实际的幻想上，还不如老老实实地走创新之路，做出好产品。否则，最后落个举而不坚、坚而不久、久而不发的尴尬局面，对谁都无法交代。</p>\r\n<p>&nbsp;</p>\r\n<p>\r\n四、武大郎开店，后继无人</p>\r\n<p>&nbsp;</p>\r\n<p>\r\n记得是20&nbsp;世纪80&nbsp;年代初，著名漫画家方成画了幅漫画，登在《人民日报》出的《讽刺与幽默》周刊上。作品的标题叫《武大郎开店》，引起强烈的社会共鸣。这幅漫画今天已被中国美术馆收藏，“武大郎开店”甚至已成了新成语。画里是一家武大郎开的餐馆，一个个子矮矮的伙计对前来应聘的大个小伙说：“我们掌柜的有个脾气，比我高的都不用。”作者还用挂在店里的一副对联进一步点明主题。上联是“人不在高有权则灵”，下联是“店虽不大唯我独尊”，横批是“王伦遗风”。</p>\r\n<p>&nbsp;</p>\r\n<p>\r\n这幅漫画之所以成为经典，恐怕不在于画技有多高明，而在于辛辣地讽刺了中国几千年农业社会和专制制度带来的反向淘汰遗风。即使先进如互联网业也未能免俗，凡是熟悉一点业内情况的人都不难发现，武大郎式的餐馆比比皆是，而且大有连锁化的趋势。已经成为业内一道风景的是，有一大批网络公司，创业短则五六年，长则十余年，就在那里不死不活地吊着。融资一轮又一轮，既没破产，也不见进步，而决策者却从不见换人，团队却是一茬不如一茬。外界都说互联网业变化快，几天一个新故事。但这些公司的共同特点是网站不是五年一贯制就是十年一贯制，从不见重大创新和模式改变。究其原因，武大郎哲学应该是其中重要一条。业内曾流传过一句话：“宁可公司在我手里做死，也不能让别人染指。”这和李嘉诚的名言“绝不和自己的公司谈恋爱”成了鲜明的对照。我很钦佩那些陪着这些公司玩了这么久而痴情不改的风投的忍耐力，但无法理解那些对投资者如此不尊重的掌舵人。</p>\r\n<p>&nbsp;</p>\r\n<p>\r\n总之，货币资本投入早晚，数量大小，并不能决定一个网络公司的成败。只有货币资本同公司的制度资本、人力资本和社会资本良好结合才能提高公司的成功机会。</p>\r\n<p>&nbsp;</p>\r\n<p>\r\n所以，在我看来，互联网业游戏规则的第四条是：资金是网络公司这辆车前进所必需的燃料，但它不是发动机，更不是方向盘。</p>', 0, '', '0000-00-00'),
(37, 41, '平台化：软平台？硬平台？', 5, '<p>两年多以前，我呼吁业内应该重视网络平台的建设，不要只醉心于短平快的应用开发和成熟领域的恶性竞争。除了业内反应平淡外，好像还有大腕们出来斥责我的观点。但最近业内重视平台的呼声多起来了，自称平台的也多起来了。但是，白白浪费了两年时光，平台的门槛已经变得很高，含义也变得更丰富，更难以下手了。当然，现在开始重视平台建设也好，不管能建成啥样，至少可以说自己努力了。不然不管有多少用户，挣了多少钱，一个由胡搭乱建而来的网站再加上若干应用的山寨平台，早晚会蜕变成外国网络平台的应用，或者成为远离世界潮流的封闭圈子，从辛辛苦苦营造出来的互联网业上游滑落到下游去。&nbsp;今天再谈网络平台与两年前大有不同。</p>\r\n<p>&nbsp;</p>\r\n<p>\r\n首先，平台的多媒体、多终端性更强了。</p>\r\n<p>&nbsp;</p>\r\n<p>\r\n两年前，网络平台建设的热点在通用性和开放性。如今这在美国已经没有争议地变成了业内共识，当然在中国还没有多少人充分认识其重要性，也没有多少认真的动作。但是，现在平台建设的重点已经转移到如何整合多媒体数据流，如何进行用户行为模式识别和服务与广告的精准投放，如何提高多媒体多终端信息发送的效率和用户体验的问题上，或者说，平台建设更加立体化，更加侧重于基础平台和基本商业模式的改变。当国内大部分网络公司还在辛辛苦苦地分别建立自己的文字、视频和无线平台时，业内领先者们已经在一个平台、多个媒体和多个终端支持的道路上走得很远了。换句话说，当我们还在所谓全媒体的路上苦苦追求的时候，人家的新媒体平台已经开始成形了。这是大刀片与坦克之间的搏斗，虽刚开局，胜负可判。</p>\r\n<p>&nbsp;</p>\r\n<p>\r\n其次，平台与硬件终端的结合更紧密了。</p>\r\n<p>&nbsp;</p>\r\n<p>\r\niPhone、Kindle&nbsp;和iPad&nbsp;的相继问世与大行其道揭示了网络平台大战的另一个方向，即网络平台的硬化，从纯粹的网络软平台走向软硬结合的硬平台。如果说过去有志于网络平台运营商角色的公司还是把注意力放在操作系统、行业标准和平台架构上的话，那么今天更激烈的竞争发生在硬件化了的网络平台上。这进一步提高了平台竞争的门槛，加剧了网络用户集中度，让“非平台即应用”这句我发明的口号成为今日互联网业的现实。国内一些业者虽也不甘寂寞，但动作总是有些变形。例如，有些公司还在醉心于什么输入法、浏览器这些过时战法之中，却不去想想贵如微软也没能够通过浏览器和输入法之类工具平台成为互联网业的主导者。还例如，有些公司试图通过最大限度地掌握内容版权去占领图书、报刊或视频市场，却没弄明白亚马逊是在掌握了基本用户群的基础上通过打造硬件平台去占领图书报刊市场，商业模式是B2B2C&nbsp;而不是B2C。再例如，各种公司蜂拥而上，市场上充斥了各种山寨手机和书籍浏览器，活生生地把互联网业的平台创新干成了IT&nbsp;业的简单制造。而最该在这个领域大施拳脚的互联网业主力军们却没什么动作，直到今天我们也没看到QPhone（假设腾讯）、bPad（假设百度）或者Ddle（假设当当）的问世。</p>\r\n<p>&nbsp;</p>\r\n<p>\r\n再次，平台的扩张性和侵略性更厉害了。</p>\r\n<p>&nbsp;</p>\r\n<p>\r\n今天，Facebook&nbsp;的当家花旦已经不再是两年前的Open&nbsp;Platform（开放平台，OP），而是Facebook&nbsp;Connect。几行简单的代码就把成千上万家网站变成了自己网站的一个外延行为节点，把各自孤立的网站融合而成一个丰富多彩的无限网络世界，而Facebook&nbsp;居于这个世界的中心。今天，一个小小的iPhone&nbsp;使苹果摇身一变成为美国最大的手机公司，硬生生地把摩托罗拉、诺基亚这样的产业巨头打成了传统产业的余孽。今天，一个小小的Kindle&nbsp;使亚马逊这个卖书网站成为炙手可热的网络前沿公司，它所引导的产业潮流正在摧枯拉朽般地毁灭着传统出版业、印刷业和书籍报刊发行业。今天，一个小小的iPad&nbsp;就清除了有线与无线、桌面与移动的界限，上网成为最新的时尚生活方式，而同时把戴尔、联想之类的计算机制造公司推向了传统产业的行列。当然，这一切都和中国互联网业和IT&nbsp;业无关，我们正忙着用简单的资本运作和市场营销手段收割上一季的庄稼呢，还顾不上抬头看看这一季的庄稼该怎么种。</p>\r\n<p>&nbsp;</p>\r\n<p>\r\n最后，平台的实用性和赢利能力更强大了。</p>\r\n<p>&nbsp;</p>\r\n<p>\r\n在这面大旗下展开的网络服务平台化运动，几年前被一些业内无知之辈轻蔑地称为网络社交服务和SNS，认为没有商业模式可言，而这些谬论又为更加无知的媒体广为散布。而今天，相信其中不少人正在为自己过去的轻率、狂妄和缺乏基本逻辑思维能力而后悔。Facebook&nbsp;已经被投资界和互联网业主流认可为新一代的产业主力军，不再有人问它如何赢利，而是在竞猜它将以多大的力度、多快的速度赶超谷歌。iPhone、iPad和Kindle&nbsp;这样硬件化了的网络平台更是以其广泛的实用性和清晰的商业模式，从其诞生的第一天起就万人瞩目。Facebook、亚马逊和苹果正在成为互联网业应用最广泛、赢利能力最强、成长性最好的领军型企业。</p>\r\n<p>&nbsp;</p>\r\n<p>\r\n在互联网业发展的第二个历史阶段中，中国互联网业大大落后了，基本交了白卷。其中有大环境的外因，但更重要的是不思创新，小富则安思想的内因。面对网络平台硬件化的大潮席卷全球，再不跟上潮流，偏安于软平台乃至山寨平台，中国互联网业就非常可能一软再软一发而不可收拾了。</p>', 0, '', '0000-00-00'),
(38, 41, '知识与知识分子的贬值', 6, '<p>近日，网上出现了一批人，以批判韩寒为己任，从思想、立场、动机和文风诸方面深挖狠贬，而且把韩寒热上升到了社会庸俗化、大众不可救药的高度。在这个题目上，一个叫许知远的所写的文字很可以一读。</p>\r\n<p>&nbsp;</p>\r\n<p>\r\n在这里我无意去批判许知远之流的言论，因为实在不值得认真一驳。以其立场之偏执，论点之耸动，论据之苍白，逻辑之混乱，都不是一般人可以理论的。喉舌们看不上韩寒情有可原，为什么一些远离名利场的知识分子们也看不上韩寒呢？上一次朝野文人们同仇敌忾，微言大义，以共同的气势却基于完全不同的理由共同贬低打击一个民间偶像的闹剧，想来想去只有20&nbsp;多年前的王朔可比。王朔早已隐退，文坛却从此巨变；韩寒刚刚出道，什么坛深感危机呢？论坛？学坛？媒坛？由此想到更深层次的问题，一个孤独弱小的韩寒，怎么值得有些人如此大动肝火，上纲上线？原因无他，互联网是也。</p>\r\n<p>&nbsp;</p>\r\n<p>\r\n几百年前，当以蒸汽机为标志的工业革命降临时，农业社会的价值体系随之崩溃。爵位贬值，宗教贬值，土地贬值，宗法家族制度贬值。反之，知识升值，教育升值，资本升值，武力升值。贬值者痛心疾首，大骂异类暴发户；升值者欢欣雀跃，嘲弄各种落魄人。从斯密、马克思、韦伯到狄更斯、巴尔扎克，都从不同角度或深刻或鲜活地解读了那个时代的矛盾与变迁。几十年前，当以互联网为标志的信息革命降临时，工业社会的价值体系随之崩溃。官位贬值，权威贬值，机器贬值，婚姻贬值。反之，人力升值，创新升值，技术升值，信息升值。和这里讨论的问题有关的是在信息社会里知识与知识分子贬值的现象。</p>\r\n<p>&nbsp;</p>\r\n<p>\r\n所谓知识贬值至少表现在三个方面：（1）由于互联网的普及，知识更新的速度加快，知识淘汰率大增，许多在工业社会有价值的知识和技能如今已经一文不值；（2）由于互联网的普及，知识传播的数量大增，成本大减，表现为知识的价值降低；（3）由于互联网的普及，绝大部分知识的表现形式更加通俗化，简单化，公开化，使得获取知识在相当程度上不再需要漫长的时间，专门的训练和特别的环境。与知识贬值同步的旧有知识传播方式和渠道的贬值，例如书籍，报刊，广播，电视，学校，一方面表现为价值的减少和市场占有率的降低，一方面表现为普遍的互联网化。</p>\r\n<p>&nbsp;</p>\r\n<p>\r\n以此类推，既然知识和知识传播方式和渠道都在贬值，那么按照工业社会劳动分工，以知识的占有、传播和出售为己任的知识分子在信息社会里当然应当随之贬值。所谓知识分子贬值也至少表现在三个方面：（1）由于互联网正在成为信息（包括知识）传播主渠道，原来由知识分子们垄断的旧有信息传播方式和渠道变成了整个信息传播平台的一部分，且日渐缩小，引起知识分子自身的市场价值降低；（2）由于整个社会正在急速走向信息化，旧有的知识和知识形式在信息汪洋中所占比例日益缩小，新的知识生产和知识形式所体现出的大众化和互动化使得传统知识分子在其中所起到的作用日益减少，引起知识分子的价值贬值；（3）由于知识传播成本降低，大量非知识分子也在快速地知识化，白领正在成为社会的主要阶层，而旧日意义上的知识分子已经变成白领的一部分（教师，编辑，记者，作家，等等），更多地具有职业上的意义，而不再是社会阶层的概念。同工业化社会相比，无论从政治经济，还是从社会文化角度看，知识分子的影响力在削弱，社会价值在降低。比较工业革命和信息革命，很容易看出知识分子的角色不同。在工业革命中，知识和知识分子是不断升值的，始终是社会变革的中坚力量，甚至在某时某地成为变革的领导者。但是在正在进行的信息革命中，知识和知识分子是不断贬值的。从互联网发展的历史看，传统意义上的知识分子迄今为止不是这场变革的积极参与者和中坚力量，反而在相当程度上，成为了这场变革的受害者和革命对象。当然，知识和知识分子在信息社会中的价值依然存在，所谓贬值是相对工业化社会而言。但是，建立在工业革命基础上的知识创造、积累、传播体系正在被摧毁，知识分子们就整体而言在信息革命中是被动的，消极的，完全失去了变革推动者和引路人的雄姿。所以，我们到今天还没有看到能够说明信息社会的《财富论》《天演论》《资本论》，还没有看到能够描写信息社会的《双城记》《悲惨世界》《战争与和平》；看到的却是对以往那种学术传承有序、学科专门深奥、言论精雕细琢、传播主次分明的怀念和执著，看到的却是对互联网所带来的礼崩乐坏、庸众狂欢、俚语村言、竖子成名的深恶痛绝。这和大约一个世纪前，中国知识界面临西学东进、白话压倒文言时，林纾辜鸿铭们的立场何其相似。</p>\r\n<p>&nbsp;</p>\r\n我完全能够理解中国知识界和传播界中一些人对互联网引发的信息革命的隔膜与蔑视，因为被贬值了有牢骚是正常的。我也完全习惯了在一些报刊、讲堂、会议厅里听到互联网只是技术革命，网络传播低俗，政治精英、知识精英、传播精英们一定要占领阵地，引导潮流这类的梦呓，因为被边缘化了有反弹也是正常的。但我完全不能理解的是为什么今天有人忽作惊人之语，拿韩寒以及喜欢韩寒的粉丝们开刀。可以肯定，信息革命不是韩寒发动的，知识分子们被贬值与他无关。要骂就去骂谷歌、雅虎、Facebook&nbsp;和Twitter&nbsp;吧，因为它们也在把美国变成一个庸众社会（我倒是认为这是对信息社会的一个不错的称呼），顺便把中国也搞庸俗了。也许韩寒更多地在说这个社会不应该如何，这和他的学识经历有关，但这并不妨碍知识精英们说说这个社会应该如何啊。也许绝大多数中国网民更能欣赏韩寒的嬉笑怒骂，俚语村言，但这并不妨碍知识精英们言必称希腊，论必及罗马啊。也许韩寒目前的社会影响力高过若干精英们的总和，但这并不妨碍知识精英们改用老百姓听得懂的话在网络平台上同场竞技啊。如果我说因为麦当娜、Lady&nbsp;Gaga、老虎伍兹在美国粉丝众多就说美国是个庸众社会，恐怕知识精英们会有另一番说辞吧？简单按人头数量统计，全世界哪个国家不是庸众社会？要是一个国家人人都是人杰，那精英们的日子会更难过吧？韩寒现象无非表明在前网络时代，平头百姓没有言论传播的平台，而今天任何像韩寒这样的非精英也有了使用网络平台发言的权利而已。按任何理论，这都是社会进步的体现，为什么有人却耿耿于怀呢？所以，那些难以适应信息社会生活的旧日精英们与其把满腔郁闷发泄在韩寒与他的粉丝身上，不如静下心来，认真寻找自己在信息社会中的适当位置为好。既然贬值已定，不如换个角色，说不定还有再升值的机会呢。<br />', 0, '', '0000-00-00');

-- --------------------------------------------------------

--
-- 表的结构 `booklib`
--

CREATE TABLE IF NOT EXISTS `booklib` (
  `userId` int(11) NOT NULL COMMENT '用户id ',
  `bookId` int(11) NOT NULL COMMENT '书id ',
  `contentId` int(11) NOT NULL default '1' COMMENT '章节id号',
  `lastTime` date NOT NULL COMMENT '最后阅读时间 '
) ENGINE=MyISAM DEFAULT CHARSET=utf8;

--
-- 转存表中的数据 `booklib`
--

INSERT INTO `booklib` (`userId`, `bookId`, `contentId`, `lastTime`) VALUES
(3, 41, 5, '2012-05-10'),
(22, 38, 1, '0000-00-00'),
(22, 41, 6, '2012-04-11'),
(22, 40, 5, '2012-04-16'),
(3, 38, 2, '2012-04-24'),
(3, 40, 4, '2012-04-24');

-- --------------------------------------------------------

--
-- 表的结构 `books`
--

CREATE TABLE IF NOT EXISTS `books` (
  `id` bigint(20) NOT NULL auto_increment,
  `bookTitle` varchar(128) NOT NULL,
  `bookDescribe` varchar(512) NOT NULL,
  `maxContentId` int(11) NOT NULL COMMENT '最大章节序号',
  `bookClassId` int(11) NOT NULL,
  `bookType` int(1) NOT NULL default '0',
  `bookCheckup` int(1) NOT NULL default '0' COMMENT '0为未通过审核，',
  `bookAuthorId` bigint(20) NOT NULL COMMENT '作者ID',
  `authorName` varchar(20) NOT NULL COMMENT '作者姓名',
  `addTime` date NOT NULL,
  UNIQUE KEY `id` (`id`)
) ENGINE=MyISAM  DEFAULT CHARSET=utf8 AUTO_INCREMENT=42 ;

--
-- 转存表中的数据 `books`
--

INSERT INTO `books` (`id`, `bookTitle`, `bookDescribe`, `maxContentId`, `bookClassId`, `bookType`, `bookCheckup`, `bookAuthorId`, `authorName`, `addTime`) VALUES
(41, '为什么中国没出Facebook', '本书对互联网的游戏规则、市场、格局、模式及发展趋势等多方面进行了阐述，既勾画出了理想中的互联网生态及其本质，又联系中国实际，探讨了中国互联网行业的未来发展。\r\n本书提出了在互联网成事应该符合的8条原则，比较了Facebook、MySpace、Twitter三种创新模式，指出了Web2.0平台时代新浪、腾讯、百度、搜狐等互联网巨头的未来方向，也对新媒体发展提出了自己独到见解。', 6, 7, 0, 0, 22, 'author', '2012-04-11'),
(38, '爱不盲目', '个性忠厚老实的陈汉中在五年前本来是一位专业摄影师，因为一场意外而失去了光明，可是没想到却是被自己的徒弟陷害的。因此，他从此再也无法回到摄影师的岗位了。汉中在还没失明前遇上了一位美女杨玉君，玉君个性有点野蛮和霸道，在工作上要求严格，也是工作狂的女强人。虽然如此，不过汉中很包容她所有的缺点，一点也不在乎她的个性。 在他失明后，当时他已经与玉君交往七年的女友玉君，他们的感情非常深厚，不过玉君并没选择抛弃他，还不停在他身边支持他和给予鼓励，这让汉中极为感动。过后，汉中救了一位比玉君年轻的女子，她叫李欣', 2, 7, 0, 0, 22, 'author', '2012-03-28'),
(40, '世界因你而不同', '李开复自传', 12, 7, 0, 0, 22, 'author', '2012-03-31');

-- --------------------------------------------------------

--
-- 表的结构 `config`
--

CREATE TABLE IF NOT EXISTS `config` (
  `id` bigint(11) NOT NULL auto_increment,
  PRIMARY KEY  (`id`)
) ENGINE=MyISAM DEFAULT CHARSET=utf8 AUTO_INCREMENT=1 ;

--
-- 转存表中的数据 `config`
--


-- --------------------------------------------------------

--
-- 表的结构 `user`
--

CREATE TABLE IF NOT EXISTS `user` (
  `id` bigint(20) NOT NULL auto_increment,
  `userName` varchar(20) NOT NULL COMMENT '用户名',
  `userPass` varchar(128) NOT NULL COMMENT '用户密码md5(账号+密码)',
  `userType` int(1) NOT NULL default '0' COMMENT '用户类型0普通1作者2管理员',
  `state` int(1) NOT NULL default '0' COMMENT '用户状态0位待审核1位审核通过',
  UNIQUE KEY `id` (`id`)
) ENGINE=MyISAM  DEFAULT CHARSET=utf8 AUTO_INCREMENT=30 ;

--
-- 转存表中的数据 `user`
--

INSERT INTO `user` (`id`, `userName`, `userPass`, `userType`, `state`) VALUES
(1, 'admin', 'admin', 2, 1),
(3, 'user', 'user', 0, 1),
(22, 'author', 'author', 1, 1);
